TurtleID,Atoll,Site,Sex,Size,16.1,16.2,16.3,16.4,16.5,16.6,16.7,16.8,16.9,16.1,16.11,16.12,17.1,17.2,17.3,17.4,17.5,17.6,17.7,17.8,17.9,17.1,17.11,17.12,18.1,18.2,18.3,18.4,18.5,18.6,18.7,18.8,18.9,18.1,18.11,18.12,19.1,19.2,19.3,19.4,19.5,19.6,19.7,19.8,19.9,19.1,19.11,19.12
GR413,Ari,Athuruga,F,65,,,,,,1,,1,,,,1,,,,,,,,,,,,,,,,,,,,,,,1,,,,,,,,,,,,,
GR427,Ari,Athuruga,J,45,,,,,,,,,,,,,,,,,,,,,,,,,,,,,,,,,,,,,,,,,,,,,,,,
GR316,Ari,Dhidhdhoo Dhigurah,J,,,,,,,,,,,,,,,,,,,,,,,,,,,,,,,,,,,,,,,,,,,,,,,,,
GR356,Ari,Dhidhdhoo Dhigurah,J,,,,,,,,,,,,1,,,1,1,,,,,,,,,,,,,,,,,,,,,,,,,,,,,,,,,
GR382,Ari,Dhidhdhoo Dhigurah,J,,,,,,,,,,1,,,,1,1,1,1,,,,,,,,,,,,,,,,,,,,,,,,,,,,,,,,
GR387,Ari,Dhidhdhoo Dhigurah,,,,,,,,,,,,,,,,,,,,,,,,,,,,,,,,1,,,,,,,,,,,,,,,,,,
GR391,Ari,Dhidhdhoo Dhigurah,,,,,,,,,,,,,,1,,1,1,1,,,,,,,,,,,,,,,,,,,,,,,,,,,,,,,,
GR392,Ari,Dhidhdhoo Dhigurah,,,,,,,,,,,1,1,1,,,,,,,,,,,,,,,,,,,,,,,,,,,,,,,,,,,,,
GR43,Ari,Dhidhdhoo Dhigurah,,,,,,,,,,,,,,,,,,,,,,,,,,,,,,,,,,,,,,,,,,,,,,,,,,
GR433,Ari,Dhidhdhoo Dhigurah,,,,,,,,,,1,,,,1,,,,,,,,,,,,,,,,,,,,,,,,,,,,,,,,,,,,
GR442,Ari,Dhidhdhoo Dhigurah,,,,,,,,,,,,1,,,1,,,,,,,,,,,,,,,,,,,,,1,,,,,,,,,,,,,,
GR444,Ari,Dhidhdhoo Dhigurah,,,,,,,,,,,,1,,,,,,,,,,,,,,,,,,,,,,,,,,,,,,,,,,,,,,
GR445,Ari,Dhidhdhoo Dhigurah,,,,,,,,,,,,1,,,,,,,,,,,,,,,,,,,,,,,,,,,,,,,,,,,,,,
GR446,Ari,Dhidhdhoo Dhigurah,,,,,,,,,,,,,,,,,,,,,,,,,,,,,,,,,,,,,,,,,,,,,,,,,,
GR448,Ari,Dhidhdhoo Dhigurah,,,,,,,,,,,,,1,,,,,,,,,,,,,,,,,,,,,,,,,,,,,,,,,,,,,
GR45,Ari,Dhidhdhoo Dhigurah,,,,,,,,,,,,,,,,,,,,,,,,,,,,,,,,,,,,,,,,,,,,,,,,,1,
GR465,Ari,Dhidhdhoo Dhigurah,,,,,,,,,,,,,,,,,,,,,,,,,,,,,,,,,,,,,,,,,,,,,,,,,,
GR466,Ari,Dhidhdhoo Dhigurah,,,,,,,,,,,,,,,1,,,,,,,,,,,,,,,,,,,,,,,,,,,,,,,,,,,
GR47,Ari,Dhidhdhoo Dhigurah,,,,,,,,,,,,,,,,,,,,,,,,,,,,,,,,,,,,,,,,,,,,,,,,,,
GR489,Ari,Dhidhdhoo Dhigurah,,,,,,,,,,,,,,,,1,1,1,,,,,,,,,,,,,,,,,,,,,,,,,,,,,,,,
GR519,Ari,Dhidhdhoo Dhigurah,,,,,,,,,,,,,,,,,1,1,,,,,,,,,,,,,,,,,,,,,,,,,,,,,,,,
GR520,Ari,Dhidhdhoo Dhigurah,,,,,,,,,,,,,,,,,1,,,,,,,,,,,,,,,,,,,,,,,,,,,,,,,,,
GR521,Ari,Dhidhdhoo Dhigurah,,,,,,,,,,,,,,,,,1,1,,1,,,,,,,,,,,,,,,,,,,,,,,,,,,,,,
GR57,Ari,Dhidhdhoo Dhigurah,,,,,,1,,,,,,,,,1,1,1,,,,,,,,,,,,,,,,,,,,,,,,,,,,,,,,,
GR585,Ari,Dhidhdhoo Dhigurah,,,,,,,,,,,,,,,,,,,1,,,,,,,,,,,,,,,,,,,,,,,,,,,,,,,
GR616,Ari,Dhidhdhoo Dhigurah,,,,,,,,,,,,,,,,,,1,,,,,1,,1,,,,,,,1,,1,,,,1,1,,,,,,,1,,,,
GR631,Ari,Dhidhdhoo Dhigurah,,,,,,,,,,,,,,,,,,,,,,,,,1,,,,,,,,,,,,,,,,,,,,,,,,,
GR68,Ari,Dhidhdhoo Dhigurah,,,,,,,,,,,,,,,,,,,,,,,,,,,,,,,,,,,,,,,,,,,,,,,,,,
GR727,Ari,Dhidhdhoo Dhigurah,,,,,,,,,,,,,,,,,,,,,,,,,,,,,,1,,,,,,,,,,,,,,,,,,,,
GR728,Ari,Dhidhdhoo Dhigurah,,,,,,,,,,,,,,,,,,,,,,,,,,,,,,1,,,,,,,,,,,,,,,,,,,,
GR729,Ari,Dhidhdhoo Dhigurah,,,,,,,,,,,,,,,,,,,,,,,,,,,,,,,1,,,,1,,,,,,,,,1,,,1,,,
GR730,Ari,Dhidhdhoo Dhigurah,,,,,,,,,,,,,,,,,,,1,,,,,,,,,,,,,,,,,,,,,,,,,,,,,,,
GR763,Ari,Dhidhdhoo Dhigurah,,,,,,,,,,,,,,,,,,,,,,,,,,,,,,,,,1,,,,,,,,,,,,,,,,,
GR764,Ari,Dhidhdhoo Dhigurah,,,,,,,,,,,,,,,,,,,,,,,,,,,,,,,,,1,,,,,,,,,,,,1,,,,,
GR776,Ari,Dhidhdhoo Dhigurah,,,,,,,,,,,,,,,,,,,,,,,,,,,,,,,1,,,,,,,,,,,,,,,,,1,,
GR775,Ari,Dhidhdhoo Dhigurah,,,,,,,,,,,,,,,,,,,,,,,,,,,,,,,1,,,1,,1,1,,1,,1,1,,1,1,,1,,,
GR777,Ari,Dhidhdhoo Dhigurah,,,,,,,,,,,,,,,,,,,,,,,,,,,,,,,,,1,1,1,,1,,,,,,,,,,,,,
GR925,Ari,Dhidhdhoo Dhigurah,,,,,,,,,,,,,,,,,,,,,,,,,,,,,,,,,,,,,1,,,,,,,,,1,,1,,
GR79,Ari,Dhidhdhoo Dhigurah,,,,,,,,,,,,,,,,,,,,,,,,,,,,,,,,,,,,,,,,,,,,,,,,,,
GR85,Ari,Dhidhdhoo Dhigurah,,,,,,,,,,,,,,,,,,,,,,,,,,,,,,,,,,,,,,,,,,,,,,,,,,
GR95,Ari,Dhidhdhoo Dhigurah,,,,,,,,,,,,,,,,,,,,,,,,,,,,,,,,,,,,,,,,,,,,,,,,,,
GR973,Ari,Dhidhdhoo Dhigurah,,,,,,,,,,,,,,,,,,,,,,,,,,,,,,,,,,,,,,,,,1,,,,,,,,,
GR1033,Ari,Dhidhdhoo Dhigurah,,,,,,,,,,,,,,,,,,,,,,,,,,,,,,,,,,,,,,,,,,1,,,,,,,,
GR1034,Ari,Dhidhdhoo Dhigurah,,,,,,,,,,,,,,,,,,,,,,,,,,,,,,,,,,,,,,,,,,1,,,,,,,,
GR1052,Ari,Dhidhdhoo Dhigurah,,,,,,,,,,,,,,,,,,,,,,,,,,,,,,,,,,,,,,,,,,,,,,,1,,,
GR1074,Ari,Dhidhdhoo Dhigurah,,,,,,,,,,,,,,,,,,,,,,,,,,,,,,,,,,,,,,,,,,,,,,,,,1,
GR818,Ari,Dhidhdhoo Dhigurah,,,,,,,,,,,,,,,,,,,,,,,,,,,,,,,,,,,1,,,,,,,,,,1,,,,1,
GR867,Ari,Rangali,,,,,,,,,,,,,,,,,,,,,,,,,,,,,,,,,,,,1,,,,,,,,,,,,,,
GR600,Ari,Rasdhoo,,,,,,,,,,,,,,,,,,1,1,,,,,,,,,,,1,,,,,,,,,,,,,,,,,,,,
GR6,Baa,Dhonfanu,,,,,,,,,,,,,,,,,,,,,,,,,,,,,,,,,,,,,,,,,,,,,,,,,,
GR16,Baa,Dhonfanu,,,,,,,,,,,,,,,,,,,,,,,,,,,,,,,,,,,,,,,,,,,,,,,,,,
GR17,Baa,Dhonfanu,,,,,,,,,,,,,,,,,,,,,,,,,,,,,,,,,,,,,,,,,,,,,,,,,,
GR21,Baa,Dhonfanu,,,,,,,,,,,,1,,,,,,,,,,,,,,,,,,,,,,,,,,,,,,,,,,,,,,
GR29,Baa,Dhonfanu,,,,,,,,,,,,,,,,,,,,,,,,,,,,,,,,,,,,,,,,,,,,,,,,,,
GR31,Baa,Dhonfanu,,,,,,,,,,,,,,,,,,,,,,,,,,,,,,,,,,,,,,,,,,,,,,,,,,
GR86,Baa,Dhonfanu,,,,,,,,,,,,,,,,,,,,,,,,,,,,,,,,,,,,,,,,,,,,,,,,,,
GR144,Baa,Dhonfanu,,,,,,,,,,,,,,,,,,,,,,,,,,,,,,,,,,,,,,,,,,,,,,,,,,
GR375,Baa,Dhonfanu,,,1,,,,,,,,,,,,,,,,,,,,,,,,,,,,,,,,,,,,,,,,,,,,,,,
GR383,Baa,Dhonfanu,,,1,1,1,,,,,,,,,,,,,,,,,,,,,,,,,,,,,,,,,,,,,,,,,,,,,
GR386,Baa,Dhonfanu,,,1,1,1,,,,,,,,1,,,,,1,,,,,,,,,,,,,,,,,,,,,,,,,,,,,,,,
GR389,Baa,Dhonfanu,,,1,,,,,,,,,,,,,,,,,,,,,,,,,,,,,,,,,,,,,,,,,,,,,,,
GR396,Baa,Dhonfanu,,,1,1,1,1,1,,1,,,,,,,,,,,,1,1,1,,,,,,,,,,,,,,,,,,,,,,,,,,,
GR401,Baa,Dhonfanu,,,,1,,,,,,,,,,,,,,,,,,,,,,,,,,,,,,,,,,,,,,,,,,,,,,
GR409,Baa,Dhonfanu,,,,1,,,,,,,,,,,,,,,,,,,,,,,,,,,,,,,,,,,,,,,,,,,,,,
GR410,Baa,Dhonfanu,J,,,,,,1,1,,,,,,,,,,,,,,,,,,,,,,,,,,,,,,,,,,,,,,,,,,
GR416,Baa,Dhonfanu,J,,,,,,,1,,,,,,,,,,,,,,,,,,,,,,,,,,,,,,,,,,,,,,,,,,
GR426,Baa,Dhonfanu,,,,,,,,1,1,,,,,,,,,,,,,,,,,,,,,,,,,,,,,,,,,,,,,,,,,
GR431,Baa,Dhonfanu,,,,,,,,,1,,,,,,,,,,,,,,,,,,,,,,,,,,,,,,,,,,,,,,,,,
GR439,Baa,Dhonfanu,J,40,,,,,,,,1,,1,1,,1,1,,,,1,,,,,,,,,,,,,,,,,,,,,,,,,,,,,,
GR467,Baa,Dhonfanu,J,,,,,,,,,,,,,1,1,1,1,1,1,1,,,,,,,,,,,,,,,,,,,,,,,,,,,,,,
GR517,Baa,Dhonfanu,,,,,,,,,,,,,,,,,1,,,,,,,,,,,,,,,,,,,,,,,,,,,,,,,,,
GR578,Baa,Dhonfanu,,,,,,,,,,,,,,,,,,1,,,,,,,,,,,,,,,,,,,,,,,,,,,,,,,,
GR580,Baa,Dhonfanu,,,,,,,,,,,,,,,,,,1,,,,,,,,,,,,,,,,,,,,,,,,,,,,,,,,
GR581,Baa,Dhonfanu,,,,,,,,,,,,,,,,,,1,,,,,,,,,,,,,,,,,,,,,,,,,,,,,,,,
GR582,Baa,Dhonfanu,,,,,,,,,,,,,,,,,,1,,,,,,,,,,,,,,,,,,,,,,,,,,,,,,,,
GR595,Baa,Dhonfanu,,,,,,,,,,,,,,,,,,,,,1,1,,,,,,,,,,,,,,,,,,,,,,,1,,,,,
GR53,Baa,Dhonfanu,,,,,,,,,,,,,,,,,,,,,,,,,,,,,,,,,,,,,,,,,,,,,,,,,,
GR54,Baa,Dhonfanu,,,,,,,,,,,,,,,,,,,,,,,,,,,,,,,,,,,,,,,,,,,,,,,,,,
GR603,Baa,Dhonfanu,,,,,,,,,,,,,,,,,,,,,,1,,1,1,,,,,,,,,,,,,,,,,,,,,,,,,
GR606,Baa,Dhonfanu ,,,,,,,,,,,,,,,,,,,,,,,1,,1,,,,,,,,,1,,,,,,,,,,,,,,,,
GR612,Baa,Dhonfanu,,,,,,,,,,,,,,,,,,,,,,1,1,1,1,,,,,,,,,,,,,,,,,,,,,,,,,
GR623,Baa,Dhonfanu ,,,,,,,,,,,,,,,,,,,,,,,1,,,1,,,,,,,,,,,,,,,,,,,,,,,,
GR634,Baa,Dhonfanu ,,,,,,,,,,,,,,,,,,,,,,,,,1,1,1,1,1,1,,,,,1,,,1,1,1,1,,1,1,,1,,,,
GR695,Baa,Dhonfanu ,,,,,,,,,,,,,,,,,,,,,,,,,,,1,1,1,,,,,,1,,,,1,,1,,,,1,,1,,,
GR950,Baa,Dhonfanu ,,,,,,,,,,,,,,,,,,,,,,,,,,,,,,,,,,,,,,1,1,1,1,1,,,1,1,1,,1,
GR954,Baa,Dhonfanu ,,,,,,,,,,,,,,,,,,,,,,,,,,,,,,,,,,,,,,,1,1,1,1,1,,,,1,,1,1
GR1032,Baa,Dhonfanu ,,,,,,,,,,,,,,,,,,,,,,,,,,,,,,,,,,,,,,,,,,,,,1,,1,1,,
GR1053,Baa,Dhonfanu ,,,,,,,,,,,,,,,,,,,,,,,,,,,,,,,,,,,,,,,,,,,,,,,,1,,
GR1071,Baa,Dhonfanu ,,,,,,,,,,,,,,,,,,,,,,,,,,,,,,,,,,,,,,,,,,,,,,,,,1,
GR1072,Baa,Dhonfanu ,,,,,,,,,,,,,,,,,,,,,,,,,,,,,,,,,,,,,,,,,,,,,,,,,1,1
GR1073,Baa,Dhonfanu ,,,,,,,,,,,,,,,,,,,,,,,,,,,,,,,,,,,,,,,,,,,,,,,,,1,1
GR161,Baa,Dhuni Kolhu Reef,,,,,,,,,,,,,,,,,,,,,,,,,,,,,,,,,,,,,,,,,,,,,,,,,,
GR338,Baa,Dhuni Kolhu Reef,,,,,,,,,,,,,,,,,,,,,,,,,,,,,,,,,,,,,,,,,,,,,,,,,,
GR339,Baa,Dhuni Kolhu Reef,,,,,,,,,,,,,,,,,,,,,,,,,,,,,,,,,,,,,,,,,,,,,,,,,,
GR381,Baa,Dhuni Kolhu Reef,F,80,,,,,,,,,,,,,,,,,,,,,,,,,,,,,,,,,,,,,,,,,,,,,,,,
GR399,Baa,Dhuni Kolhu Reef,F,65,1,,,,,,,,,,,,,,,,,,,,,,,,,,,,,,,,,,,,,,,,,,,,,,,
GR402,Baa,Dhuni Kolhu Reef,,,,,1,,,,,,,,,,,,,,,,,,,,,,,,,,,,,,,,,,,,,,,,,,,,,
GR632,Baa,Dhuni Kolhu Reef,F,,,,,,,,,,,,,,,,,,,,,1,,,,,,,,,,,,,,,,,,,,,,,,,,,,
GR667,Baa,Dhuni Kolhu Reef,,,,,,,,,,,,,,,,,,,,,,,,,,,1,,,,,,,,,,,,,,,,,,,,,,,
GR668,Baa,Dhuni Kolhu Reef,,,,,,,,,,,,,,,,,,,,,,,,,,,,1,,,,,,,,,,,,,,,,,,,,,,
GR406,Baa,Dhuni Kolhu Reef,J,45,,,,1,1,,,,,,,,,,,,,,,,,,,,,,,,,,,,,,,,,,,,,,,,,,,
GR425,Baa,Dhuni Kolhu Reef,J,45,,,,,,1,,,,,,,,,,,,,,,,,,,,,,,,,,,,,,,,,,,,,,,,,,
GR477,Baa,Dhuni Kolhu Reef,J,45,,,,,,,,,,,,,1,,,,,,,,,,1,1,,,,,,,,,,,,,,,,,,,,,,,,
GR478,Baa,Kanifushi,J,55,,,,,,,,,,,,,1,1,,1,,,,,1,1,1,,1,,,1,,,,,,,,,,,,,,,,,,,,
GR483,Baa,Kanifushi,F,70,,,,,,,,,,,,,1,,,1,,,,,,,,,,,,,,,,,,,,,,,,,,,,,,,,
GR485,Baa,Kanifushi,J,60,,,,,,,,,,,,,1,,,,,,,,,1,,,,,,,,,,,,,,,,,,,,,,,,,,
GR498,Baa,Kanifushi,F,80,,,,,,,,,,,,,,1,,1,,,,1,,,1,,1,,1,1,,,,,,,,,,,,,,,,,,,,
GR515,Baa,Kanifushi,J,50,,,,,,,,,,,,,,1,,1,,,,,,,,,,,1,1,,,,,,,,,,,,,,,,,,,,
GR516,Baa,Kanifushi,J,65,,,,,,,,,,,,,,1,,,,,,,,,,,,,,,,,,1,,,,,,,,,,,,,,,,
GR541,Baa,Kanifushi,J,60,,,,,,,,,,,,,,,,1,,,,,,,,,,,,,,,,,,,,,,,,,,,,,,,,
GR624,Baa,Kanifushi,,,,,,,,,,,,,,,,,,,,,,,,1,,,,,,,,,,,,,,,,,,,,,,,,,,
GR625,Baa,Kanifushi,,,,,,,,,,,,,,,,,,,,,,,,1,,,,,,,,,,,,,,,,,,,,,,,,,,
GR652,Baa,Kanifushi,F,70,,,,,,,,,,,,,,,,,,,,,,,1,,,,,,,,,1,,,,,,,,,,,,,,,,
GR693,Baa,Kanifushi,,,,,,,,,,,,,,,,,,,,,,,,,,,,1,,,,,,,,,,,,,,,,,,,,,,
GR710,Baa,Kanifushi,,,,,,,,,,,,,,,,,,,,,,,,,,,,,1,,,,,,,,,,,,,,,,,,,,,
GR762,Baa,Kanifushi,,,,,,,,,,,,,,,,,,,,,,,,,,,,,,,,1,,,,,,,,,,,,,,,,,,
GR773,Baa,Kanifushi,,,,,,,,,,,,,,,,,,,,,,,,,,,,,,1,,,,,,,,,,,,,,,,,,,,
GR798,Baa,Kanifushi,,,,,,,,,,,,,,,,,,,,,,,,,,,1,,,,,,,,,,,,,,,,,,,,,,,
GR479,Baa,Maamaduvari West,F,70,,,,,,,,,,,,,1,,1,1,1,1,1,1,1,1,1,,1,1,1,1,1,1,,1,1,1,1,,,,,,,,,,,,,
GR480,Baa,Maamaduvari West,F,80,,,,,,,,,,,,,1,,,,,,,,,,,,,,,,,,,,,,,,,,,,,,,,,,,
GR481,Baa,Maamaduvari West,,,,,,,,,,,,,,,1,,,,,,,,,,,,,,,,,,,,,,,,,,,,,,,,,,,
GR482,Baa,Maamaduvari West,,,,,,,,,,,,,,,1,,,,,,,,,,,,,,,,,,,,,,,,,,,,,,,,,,,
GR496,Baa,Maamaduvari West,F,70,,,,,,,,,,,,,,1,,1,1,1,,,,1,1,1,1,1,1,1,1,1,,,,,,,,,,,,,,,,,,
GR497,Baa,Maamaduvari West,J,60,,,,,,,,,,,,,,1,,1,1,1,1,1,1,1,1,1,1,1,1,1,1,1,,1,1,1,1,,,,1,,,,,,,,,
GR509,Baa,Maamaduvari West,J,50,,,,,,,,,,,,,,,,,,,,,,,,,,,1,1,1,,1,,1,,,,,,,,,,,,,,,
GR523,Baa,Maamaduvari West,J,55,,,,,,,,,,,,,,,1,1,,,,1,,,,,1,1,1,1,1,1,1,1,1,,1,,,,,,,,,,,,,
GR524,Baa,Maamaduvari West,,,,,,,,,,,,,,,,,1,,,,,,,,,,,,,,,,,,,,,,,,,,,,,,,,,
GR525,Baa,Maamaduvari West,F,70,,,,,,,,,,,,,,,,,1,1,1,1,1,1,1,1,1,1,1,1,1,1,,,,,,,,,,,,,,,,,,
GR526,Baa,Maamaduvari West,J,60,,,,,,,,,,,,,,,,,,,,,,,,,,,1,,,,,,,,,,,,,,,,,,,,,
GR539,Baa,Maamaduvari West,J,60,,,,,,,,,,,,,,,,1,1,1,1,1,1,,,,,,,,,,,,,,,,,,,,,,,,,,,
GR558,Baa,Maamaduvari West,F,60,,,,,,,,,,,,,,,1,,,,,,,,,,,,,,,,,,,,,,,,,,,,,,,,,
GR565,Baa,Maamaduvari West,,,,,,,,,,,,,,,,,,,1,,,,,,,,,,,,,,,,,,,,,,,,,,,,,,,
GR566,Baa,Maamaduvari West,J,45,,,,,,,,,,,,,,,,,1,,,1,1,,,,1,,,1,,,,,,,,,,,,,,,,,,,,
GR567,Baa,Maamaduvari West,J,55,,,,,,,,,,,,,,,,,1,1,1,1,1,1,1,1,1,1,1,1,1,1,1,1,1,1,1,1,1,,,,,,,,,,,
GR568,Baa,Maamaduvari West,J,55,,,,,,,,,,,,,,,,,1,,,,,,,,1,1,1,1,1,,,,,,,,,,,,,,,,,,,
GR569,Baa,Maamaduvari West,,,,,,,,,,,,,,,,,,,,1,,,,,,1,,,,,,,,,,,,,,,,,,,,,,,,
GR570,Baa,Maamaduvari West,,,,,,,,,,,,,,,,,,,,1,,,,,,,,,,,,,,,,,,,,,,,,,,,,,,
GR571,Baa,Maamaduvari West,F,70,,,,,,,,,,,,,,,,,,1,,,,,,,1,,,1,,,,,,,1,,,,,,,,,,,,,
GR574,Baa,Maamaduvari West,J,50,,,,,,,,,,,,,,,,,,1,1,1,1,1,,,,,,,,,,,,,,,,,,,,,,,,,,
GR598,Baa,Maamaduvari West,F,60,,,,,,,,,,,,,,,,,,,1,1,1,,,,1,,,,,,,,,,,,,,,,,,,,,,,
GR599,Baa,Maamaduvari West,F,60,,,,,,,,,,,,,,,,,,,1,,,1,1,,,,,,,,,,,,,,,,,,,,,,,,,
GR608,Baa,Maamaduvari West,F,60,,,,,,,,,,,,,,,,,,,,1,,1,1,1,1,,,,,,,,1,1,,,,,,,,,,,,,,
GR609,Baa,Maamaduvari West,J,55,,,,,,,,,,,,,,,,,,,,1,,,1,1,1,1,,,,,,,,,,,,,,,,,,,,,,
GR618,Baa,Maamaduvari West,,,,,,,,,,,,,,,,,,,,,,,1,,,,1,,,,,,,,,,,,,,,,,,,,,,,
GR619,Baa,Maamaduvari West,J,55,,,,,,,,,,,,,,,,,,,,,,1,1,1,1,,,,,,,,,,,,,,,,,,,,,,,
GR659,Baa,Maamaduvari West,,,,,,,,,,,,,,,,,,,,,,,,,,1,1,1,1,1,,,1,1,,1,,,,,,,,,,,,,,
GR660,Baa,Maamaduvari West,,,,,,,,,,,,,,,,,,,,,,,,,,1,,,,,,,,,,,,,,,,,,,,,,,,
GR661,Baa,Maamaduvari West,,,,,,,,,,,,,,,,,,,,,,,,,,1,,,,,,,,,,,,,,,,,,,,,,,,
GR662,Baa,Maamaduvari West,,,,,,,,,,,,,,,,,,,,,,,,,,1,,,,,,,,,,,,,,,,,,,,,,,,
GR674,Baa,Maamaduvari West,F,70,,,,,,,,,,,,,,,,,,,,,,,,,1,1,1,1,,,,1,1,1,1,,,,,,,,,,,,,
GR675,Baa,Maamaduvari West,,,,,,,,,,,,,,,,,,,,,,,,,,,1,1,,,,,,,,,,,,,,,,,,,,,,
GR676,Baa,Maamaduvari West,F,60,,,,,,,,,,,,,,,,,,,,,,,,,1,1,1,1,,,1,1,1,1,1,,,,,,,,,,,,,
GR677,Baa,Maamaduvari West,,,,,,,,,,,,,,,,,,,,,,,,,,,1,,,,,,,,,,,,,,,,,,,,,,,
GR678,Baa,Maamaduvari West,,,,,,,,,,,,,,,,,,,,,,,,,,,1,1,1,1,,,,,,,,,,,,,,,,,,,,
GR691,Baa,Maamaduvari West,,,,,,,,,,,,,,,,,,,,,,,,,,,,1,,,,,,,,,,,,,,,,,,,,,,
GR692,Baa,Maamaduvari West,,,,,,,,,,,,,,,,,,,,,,,,,,,,1,1,1,,,,,,,,,,,,,,,,,,,,
GR709,Baa,Maamaduvari West,,,,,,,,,,,,,,,,,,,,,,,,,,,,,1,1,,1,1,1,1,1,,,,,,,,,,,,,,
GR721,Baa,Maamaduvari West,,,,,,,,,,,,,,,,,,,,,,,,,,,,,,1,,,,,,,,,,,,,,,,,,,,
GR883,Baa,Maamaduvari West,,,,,,,,,,,,,,,,,,,,,,,,,,,,,,,,,,,,1,,,,,,,,,,,,,,
GR886,Baa,Maamaduvari West,,,,,,,,,,,,,,,,,,,,,,,,,,,,,,,,,,,,1,1,,,,,,,,,,,,,
GR887,Baa,Maamaduvari West,,,,,,,,,,,,,,,,,,,,,,,,,,,,,,,,,,,,1,,,,,,,,,,,,,,
GR1003,Laamu,Six Senses House Reef,J,60,,,,,,,,,,,,,,,,,,,,,,,,,,,,,,,,,,,,,,,,,1,1,,1,,,,1
GR1004,Laamu,Six Senses House Reef,J,,,,,,,,,,,,,,,,,,,,,,,,,,,,,,,,,,,,,,,,,,1,,,,,,,
GR1005,Laamu,Six Senses House Reef,J,,,,,,,,,,,,,,,,,,,,,,,,,,,,,,,,,,,,,,,,,,1,,,,1,,,
GR1006,Laamu,Hithadhoo Corner,J,,,,,,,,,,,,,,,,,,,,,,,,,,,,,,,,,,,,,,,,,1,1,,1,,1,1,1,1
GR1007,Laamu,Hithadhoo Corner,J,,,,,,,,,,,,,,,,,,,,,,,,,,,,,,,,,,,,,,,,,1,,,,,,,,
GR1008,Laamu,Hithadhoo Corner,J,,,,,,,,,,,,,,,,,,,,,,,,,,,,,,,,,,,,,,,,,1,1,1,1,,1,1,1,1
GR1009,Laamu,Hithadhoo Corner,F,,,,,,,,,,,,,,,,,,,,,,,,,,,,,,,,,,,,,,,,,1,,,,,1,1,,
GR1010,Laamu,Hithadhoo West,J,,,,,,,,,,,,,,,,,,,,,,,,,,,,,,,,,,,,,,,,1,,,,,,,,,
GR1011,Laamu,Hithadhoo Corner,J,,,,,,,,,,,,,,,,,,,,,,,,,,,,,,,,,,,,,,,,1,,,,,,,,,
GR1012,Laamu,Hithadhoo West,J,,,,,,,,,,1,,1,,,,,,,,,,,,,,,,,,1,,,,,,,,,,1,,,,,,,,,
GR1013,Laamu,Hithadhoo Corner,M,,,,,,,1,,,,,1,,,,,,,,,,1,,,,,,,,,,,,,,,,,,,1,,,,,1,,,
GR102,Laamu,Hithadhoo Corner,J,,0,1,0,0,0,0,1,1,1,1,1,1,1,1,0,0,0,0,0,0,0,0,0,0,0,0,0,0,0,0,0,0,0,0,0,0,,,,,,,,,,,,
GR103,Laamu,Hithadhoo Corner,F,,0,0,0,0,0,0,0,0,0,0,0,0,0,0,0,0,0,0,0,0,0,0,0,0,1,1,1,1,1,1,1,1,0,0,0,0,,,,,,,,,,,,
GR1032,Laamu,Hithadhoo Corner,J,,,,,,,,,,,,,,,,,,,,,,,,,,,,,,,,,,,,,,,,,,,,1,,,,,
GR1035,Laamu,Hithadhoo Corner,J,,,,,,,,,,,,,,,,,,,,,,,,,,,,,,,,,,,,,,,,,,,,1,1,1,,,
GR1036,Laamu,Hithadhoo Corner,J,,,,,,,,,,,,,,,,,,,,,,,,,,,,,,,,,,,,,,,,,,1,,1,,1,1,1,
GR1046,Laamu,Hithadhoo Corner,J,,,,,,,,,,,,,,,,,,,,,,,,,,,,,,,,,,,,,,,,,,,,,1,,,,
GR1047,Laamu,Hithadhoo Corner,J,,,,,,,,,,,,,,,,,,,,,,,,,,,,,,,,,,,,,,,,,,,,,1,,,,
GR1048,Laamu,Hithadhoo Corner,J,,,,,,,,,,1,,,,,,,,,,,,,,,,,,,,,,,,,,,,,1,,,1,,1,,,,,1
GR1049,Laamu,Hithadhoo Corner,J,,,,,,,,,,,,,,,,,,,,,,,,1,,,,,,,,,,,,,,,,,1,1,,1,,1,1,,1
GR107,Laamu,Hithadhoo Corner,,,0,0,0,0,0,0,0,0,0,0,0,0,1,1,0,0,1,0,0,0,0,0,0,0,0,0,0,0,0,0,0,0,0,0,0,0,,,,,,,,,,,,
GR108,Laamu,Six Senses House Reef,F,100,1,1,1,,,1,1,1,1,1,1,1,1,,1,1,1,1,1,1,1,1,1,1,1,1,1,1,1,1,1,1,1,,,,,,,1,,,,,,,,
GR1081,Laamu,Hithadhoo Corner,J,,,,,,,,,,,,,,,,,,,,,,,,,,,,,,,,,,,,,,,,,,,,,,1,,,
GR1082,Laamu,Hithadhoo Corner,J,,,,,,,,,,,,,,,,,,,,,,,,,,,,,,,,,,,,,,,,,,,,,,1,,,
GR1083,Laamu,Hithadhoo Corner,J,,,,,,,,,,,,,,,,,,,,,,,,,,,,,,,,,,,,,,,,,,,,,,1,1,,
GR1084,Laamu,Hithadhoo Corner,J,,,,,,,,,,,,,,,,,,,,,,,,,,,,,,,,,,,,,,,,,,,,,,1,1,,1
GR1085,Laamu,Hithadhoo Corner,J,,,,,,,,,,,,,,,,,,,,,,,,,,,,,,,,,,,,,,,,,,,,,,,1,,
GR1086,Laamu,Hithadhoo Corner,J,,,,,,,,,,,,,,,,,,,,,,,,,,,,,,,,,,,,,,,,,,,,,,,1,,
GR1088,Laamu,Hithadhoo Corner,J,,,,,,,,,,,,,,,,,,,,,,,,,,,,,,,,,,,,,,,,,,,,,,,1,,
GR1089,Laamu,Hithadhoo Corner,M,,,,,,,,,,,,,,,,,,,,,,,,,,,,,,,,,,,,,,,,,,,,,,,1,1,1
GR1090,Laamu,Hithadhoo Corner,J,,,,,,,,,,,,,,,,,,,,,,,,,,,,,,,,,,,,,,,,,,,,,,,,1,
GR1091,Laamu,Hithadhoo Corner,J,,,,,,,,,,,,,,,,,,,,,,,,,,,,,,,,,,,,,,,,,,,,,,,1,,
GR1093,Laamu,Hithadhoo Corner,J,,,,,,,,,,,,,,,,,,,1,,,,,,,,,,,,,,,,,,,,,,1,,,,,1,,,
GR1094,Laamu,Six Senses House Reef,J,,,,,,,,,,,,,,,,,,,,,,,1,,,,,,,,,,,,,,1,,,,,,,,,,,,1
GR1095,Laamu,Hithadhoo Corner,J,,,,,,,,,,,,,,,,,,,,,,,,,,,,,,,,,,,,,,,,,,,,,,,,,1
GR1096,Laamu,Hithadhoo Corner,J,,,,,,,,,,,,,,,,,,,,,,,,,,,,,,,,,,,,,,,,,,,,,,,1,,
GR1097,Laamu,Hithadhoo Corner,J,,,,,,,,,,,,,,,,,,,,,,,,,,,,,,,,,,,,,,,,,,,,,,,1,,
GR1098,Laamu,Hithadhoo Corner,J,,,,,,,,,,,,,,,,,,,,,,,,,,,,,,,,,,,,,,,,,,,,,,,1,,
GR1099,Laamu,Hithadhoo West,J,,,,,,,,,,,,,,,,,,,,,,,,,,,,,,,,,,,,,,,,,,,,,,,1,,
GR1100,Laamu,Hithadhoo West,M,,,,,,,,,,,,,,,,,,,,,,,,,,,,,,,,,,,,,,,,,,,,,,,1,,
GR1101,Laamu,Hithadhoo West,J,,,,,,,,,,,,,,,,,,,,,,,,,,,,,,,,,,,,,,,,,,,,,,,1,,
GR1102,Laamu,Six Senses House Reef,J,,,,,,,,,,,,,,,,,,,,,,,,,,,,,,,,,,,,,,,,,,,,,,,,,1
GR1103,Laamu,Bokaifushi,J,,,,,,,,,,,,,,,,,,,,,,,,,,,,,,,,,,,,,,,,,,,,,,1,,,
GR1104,Laamu,Hithadhoo Corner,F,90,,,,,,,,,,,,,,,,,,,,,,,,,,,,,,,,,,,,,,,,,1,,,,,,,
GR1105,Laamu,Hithadhoo Corner,J,60,,,,,,,,,,,,,,,,,,,,,,,,,,,,,,,,,,,,,,,,,,,,,1,,,1
GR1106,Laamu,Six Senses House Reef,J,60,,,,,,,,,,,,,,,,,,,,,,,,,,,,,,,,,,,,,,,,,,,,,,,,1
GR1107,Laamu,Fushi Kandu,J,,,,,,,,,,,,,,,,,,,,,,,,,,,,,,,,,,,,,,,,,,1,,,,,,,
GR1108,Laamu,Laama Faru Haa,J,,,,,,,,,,,,,,,,,,,,,,,,,,,,,,,,,,,,,,,,,,,,,,1,,,
GR1109,Laamu,Six Senses House Reef,J,,,,,,,,,,,,,,,,,,,,,,,,,,,,,,,,,,,,,,,,,,,,,,,1,,1
GR1110,Laamu,Hithadhoo Corner,F,80,,,,,,,,,,,,,,,,,,,,,,,,,,,,,,,,,,,,,,,,,,,,,,1,,
GR1111,Laamu,Hithadhoo Corner,J,35,,,,,,,,,,,,,,,,,,,,,,,,,,,,,,,,,,,,,,,,,,,,,,,,1
GR1112,Laamu,Six Senses House Reef,F,90,,,,,,,,,,,,,,,,,,,,,,,,,,,,,,,,,,,,,,,,,,,,,,,,1
GR1113,Laamu,Hithadhoo Corner,J,,,,,,,,,,,,,,,,,,,,,,,,,,,,,,,,,,,,,,,,,,,,,,,1,,
GR335,Laamu,Six Senses House Reef,J,,1,1,1,1,,,1,1,1,1,1,1,1,1,1,1,1,1,1,1,1,1,,,,,,,1,1,1,1,1,,,,,,,,,,,,,,,
GR336,Laamu,Six Senses House Reef,F,,1,1,1,1,1,1,1,1,1,1,1,1,0,0,0,0,0,0,0,0,0,0,0,0,0,0,0,0,0,0,0,0,0,0,0,0,,,,,,,,,,,,
GR55,Laamu,Hithadhoo Corner,F,100,0,1,1,1,0,1,1,1,1,1,1,1,1,1,1,1,1,1,1,1,1,1,1,1,1,1,1,1,1,1,1,1,1,0,0,1,1,1,1,1,1,1,1,1,1,1,1,1
GR753,Laamu,Six Senses House Reef,J,,1,1,1,,,1,,,1,1,1,1,1,1,,,1,,,,,,,1,,,,,,,,,,,,,,,,,,,,,,,,
GR754,Laamu,Hithadhoo West,J,,0,1,0,0,0,1,0,0,0,0,0,0,0,0,1,0,0,0,0,1,0,0,0,0,0,1,0,0,0,0,0,0,0,0,0,0,,,,,,,,,,,,
GR755,Laamu,Hithadhoo Corner,F,100,1,1,1,0,1,1,1,0,1,1,1,1,1,1,1,1,1,1,1,0,1,1,1,1,1,1,1,1,1,1,1,1,0,0,0,1,1,1,1,1,1,1,1,1,1,1,1,1
GR756,Laamu,Hithadhoo Corner,M,,0,0,0,0,0,0,1,0,1,1,0,0,0,0,1,1,1,0,0,1,0,1,1,0,0,1,0,0,1,1,0,0,0,0,0,0,,,1,,1,1,,,,,,
GR769,Laamu,Six Senses House Reef,F,90,1,,1,1,,,,,1,,1,1,1,,,1,1,,,,,1,1,1,,,,1,,,,,,1,,,,,1,,1,1,,1,,,,1
GR770,Laamu,Hithadhoo Corner,J,,0,0,0,0,0,0,1,1,1,1,1,1,1,1,0,0,0,0,1,0,0,1,1,0,1,0,0,0,0,0,0,0,0,0,0,0,1,1,1,1,,1,,1,,1,1,1
GR796,Laamu,Hithadhoo West,J,,0,0,0,0,0,0,1,1,0,0,0,0,0,0,0,0,0,0,0,0,0,0,0,0,0,0,0,0,0,0,0,0,0,0,0,0,,,,,,,,,,,,
GR797,Laamu,Hithadhoo West,J,,0,0,0,0,0,0,1,0,0,0,0,0,0,0,0,0,0,0,0,0,0,0,0,0,0,0,0,0,0,0,0,0,0,0,0,0,,,,,,,,,,,,
GR799,Laamu,Hithadhoo West,J,,0,0,0,0,0,0,0,0,0,0,0,0,0,0,0,0,0,0,0,0,0,0,0,0,0,0,0,0,0,0,0,0,0,0,0,0,,,,,,,,,,,,
GR800,Laamu,Fonadhoo,J,,0,0,0,0,0,0,0,0,0,0,0,0,0,0,0,0,0,0,0,0,0,0,0,0,0,0,0,1,0,0,0,0,0,0,0,0,,,,,,,,,,,,
GR801,Laamu,Hithadhoo Corner,F,,0,0,0,0,0,1,0,0,0,0,0,1,1,0,0,0,0,0,0,0,0,1,1,0,1,1,1,1,0,0,0,1,0,0,0,0,,,,,1,,,,,1,,1
GR802,Laamu,Hithadhoo Corner,J,,0,0,0,0,0,0,0,0,0,0,0,0,0,1,0,0,0,0,0,0,0,1,0,0,0,0,0,0,1,0,0,0,0,0,0,0,,,,,,,,,,,,
GR803,Laamu,Hithadhoo Corner,F,110,0,0,0,0,0,1,0,0,0,1,0,0,0,0,1,1,1,1,0,0,1,1,1,1,1,1,0,1,1,1,1,0,0,0,0,1,1,1,1,1,1,1,1,,,1,1,1
GR805,Laamu,Hithadhoo Corner,J,,0,0,0,0,0,0,0,1,0,0,0,0,0,0,1,1,0,0,0,0,0,0,0,0,0,0,0,0,0,0,0,0,0,0,0,0,,,,,,,,,,,,
GR806,Laamu,Hithadhoo Corner,J,,0,0,0,0,0,0,0,0,0,0,0,0,0,0,0,0,0,0,0,0,0,0,0,0,0,0,0,0,0,0,0,0,0,0,0,0,,,,,,,,,,,,
GR807,Laamu,Hithadhoo Corner,F,,0,0,0,0,0,0,0,1,0,1,0,0,0,0,0,1,0,0,0,0,0,1,0,1,0,0,0,0,1,0,0,0,0,0,0,0,,1,,1,1,,,,,1,,1
GR819,Laamu,Hithadhoo Corner,J,50,0,0,0,0,0,0,0,1,0,0,0,0,0,0,0,0,0,0,1,0,0,0,0,0,1,1,0,1,0,1,0,1,0,0,0,1,,,,,,,,,,,1,
GR820,Laamu,Six Senses House Reef,J,,,,1,,,,,,1,,,,,,,,,,,,1,,,,,,,,,,,,,,,,,,,,,,,,,,,
GR821,Laamu,Hithadhoo Corner,J,,0,0,0,0,0,0,0,0,0,0,0,0,0,0,0,0,0,0,0,0,0,0,0,0,0,0,0,0,0,0,0,0,0,0,0,0,,,,,,,,,,,,
GR822,Laamu,Hithadhoo West,J,,0,1,0,0,0,0,0,0,0,1,1,0,0,0,0,0,0,0,0,0,0,0,0,0,0,1,0,0,0,0,0,0,0,0,0,0,,,,,,,,,,,,1
GR823,Laamu,Hithadhoo Corner,J,,0,0,0,0,0,0,0,0,1,1,0,0,0,0,0,0,0,0,0,0,0,0,0,0,0,0,0,0,0,0,1,0,0,0,0,1,,,,,,,,,,,,
GR824,Laamu,Hithadhoo Corner,J,,0,0,0,0,0,0,0,0,1,1,0,1,1,0,0,1,0,0,1,0,0,0,1,0,0,1,0,1,1,1,0,0,0,0,0,0,,,1,1,1,1,1,1,1,1,1,1
GR825,Laamu,Hithadhoo Corner,M,,0,0,0,0,0,0,0,0,1,1,0,0,0,0,0,0,1,0,0,0,0,0,1,0,0,0,0,0,0,0,1,0,0,0,0,0,,,,,,,1,,,1,1,
GR826,Laamu,Hithadhoo Corner,J,,0,0,0,0,0,0,0,0,0,1,1,0,1,0,0,1,1,1,1,1,0,1,1,1,0,0,0,1,1,0,1,1,1,0,0,0,1,1,1,1,1,1,1,1,1,1,1,1
GR827,Laamu,Hithadhoo Corner,F,90,0,0,0,0,0,0,0,0,0,1,1,0,0,0,1,1,1,1,0,0,1,1,1,1,0,1,0,1,1,1,0,1,1,0,0,1,1,,1,1,1,1,1,,1,1,1,1
GR828,Laamu,Six Senses House Reef,J,,,,,,,,,,,1,,,,,,,,,,,,,,,,,,,,,,,,,,,,,,,,,,,,,,
GR829,Laamu,Hithadhoo Corner,J,,0,0,0,0,0,0,0,0,0,0,0,0,0,0,0,0,0,0,0,0,0,0,0,0,0,0,0,0,0,1,0,0,0,0,0,0,,,,,,,,,,,,
GR830,Laamu,Six Senses House Reef,J,,,,,,,,,,1,1,,1,1,,,,1,,,,,,,1,,,,,1,1,,,,,,,,,,,,,,,,,,
GR831,Laamu,Hithadhoo Corner,M,110,0,0,0,1,0,0,0,0,0,1,1,0,0,0,1,0,0,0,0,0,0,1,0,1,1,0,0,1,0,0,0,0,0,0,0,1,1,1,1,1,1,1,,1,1,1,1,1
GR832,Laamu,Six Senses House Reef,J,,0,0,0,0,0,0,0,0,0,0,1,0,0,0,0,0,0,0,0,0,0,0,0,0,0,0,0,0,0,0,0,0,0,0,0,0,,,,,,,,,,,,
GR833,Laamu,Gaadhoo,J,,0,0,0,0,0,0,0,0,0,1,0,0,0,0,0,0,0,0,0,0,0,0,0,0,0,0,0,0,0,0,0,0,0,0,0,0,,,,,,,,,,,,
GR834,Laamu,Six Senses House Reef,F,90,,1,,,,,,,,1,,1,1,1,1,1,1,,1,,,,,,,1,1,1,,,,,,,,,1,,,,,,,,,,,
GR835,Laamu,Hithadhoo Corner,J,,0,0,0,0,0,0,0,0,1,0,0,0,0,0,0,0,0,0,0,0,0,0,0,0,0,0,0,0,0,0,0,0,0,0,0,0,,,,,,,,,,,,
GR836,Laamu,Hithadhoo West,J,,,,,,,,,,,,,,,,,,,,,,,,,,,,,,,,,,,,,,,,,,,,,,,,,
GR837,Laamu,Hithadhoo Corner,J,,0,0,0,0,0,0,0,0,0,0,0,0,0,0,0,0,0,0,0,0,0,0,0,0,0,0,0,0,0,1,0,0,0,0,0,0,,,,,,,,,,,,
GR838,Laamu,Hithadhoo Corner,J,,0,0,0,0,0,0,0,0,0,0,0,0,0,0,0,0,0,0,0,0,0,0,0,0,0,0,0,0,0,0,0,0,0,0,0,0,,,,,,,,,,,,
GR839,Laamu,Hithadhoo Corner,J,,0,0,0,0,0,0,0,0,0,1,0,0,0,0,0,0,0,0,0,0,0,0,0,0,0,0,0,0,0,0,0,0,0,0,0,0,,,,1,,,,,,1,,
GR840,Laamu,Hithadhoo West,J,,0,0,0,0,0,0,0,0,0,1,0,0,0,0,0,0,0,0,0,0,0,0,0,0,0,0,0,0,0,0,0,0,0,0,0,0,,,,,,,,,,,,
GR841,Laamu,Six Senses House Reef,J,,1,1,1,,,,,,,1,,1,1,,1,,,,,,,,,,,,,,,,,,,,,,,,,,,,,,,,,
GR842,Laamu,Hithadhoo Corner,J,,0,0,0,0,0,0,0,0,0,1,0,0,0,0,0,0,0,0,0,0,0,0,0,0,0,0,0,0,0,0,0,0,0,0,0,0,,,,,,,,,,,,
GR844,Laamu,Six Senses House Reef,J,,0,0,0,0,0,0,0,0,0,1,0,0,0,0,0,0,0,0,0,0,0,0,0,0,0,0,0,0,0,0,0,0,0,0,0,0,,,,,,,,,,,,
GR845,Laamu,Six Senses House Reef,J,,0,0,0,0,0,0,0,0,0,1,0,0,0,0,0,0,0,0,0,0,0,0,0,0,0,0,0,0,0,0,0,0,0,0,0,0,,,,,,,,,,,,
GR846,Laamu,Laama Faru Haa,J,60,,,,,,,,,,,1,,,,,,,,1,,,,,,1,,,,,,,,,,,,1,,,,,,,,,,,
GR847,Laamu,Six Senses House Reef,M,,0,0,0,0,0,0,0,0,0,0,1,0,0,0,0,0,0,0,0,0,0,0,0,0,0,0,0,0,0,0,0,0,0,0,0,0,,,,,,,,,,,,
GR848,Laamu,Hithadhoo Corner,M,120,0,0,0,0,0,0,0,0,0,0,1,0,0,0,0,0,0,0,0,0,0,1,0,0,0,0,0,0,0,0,0,0,0,0,0,1,,,,,,,,,,,,
GR849,Laamu,Laama Faru Haa,J,,0,0,0,0,0,0,0,0,0,0,1,0,1,0,0,1,1,0,0,0,1,0,0,1,1,0,0,0,0,0,0,0,0,0,0,0,,,,,,,,,,,,
GR850,Laamu,Hithadhoo Corner,J,,0,0,0,0,0,0,0,0,0,0,1,1,0,0,0,0,0,0,0,0,0,0,0,0,0,0,0,0,0,0,0,0,0,0,0,0,,,,,,,,,,,,
GR851,Laamu,Six Senses House Reef,J,,,,,,,,,,,,,1,,,1,,,,,,,1,,,,,,,,,,,,,,,,1,,,1,,,,,,,
GR852,Laamu,Hithadhoo Corner,J,,0,0,0,0,0,0,0,0,0,0,0,1,0,0,0,0,0,0,0,0,0,0,0,0,0,1,0,1,0,0,1,0,0,0,0,0,,,,,,,,,,,,
GR853,Laamu,Hithadhoo Corner,J,,0,0,0,0,0,0,0,0,0,0,0,0,0,0,0,0,0,0,0,0,0,0,0,0,0,0,0,1,0,0,0,1,0,0,0,0,,,,,,,,,,,,
GR854,Laamu,Ying Yang,J,,0,0,0,0,0,0,0,0,0,0,0,1,0,0,0,0,0,0,0,0,0,0,0,0,0,0,0,0,0,0,0,0,0,0,0,0,,,,,,,,,,,,
GR855,Laamu,Six Senses House Reef,J,,,,,,,,,,,1,1,1,1,,,1,,1,1,1,,,1,1,1,1,1,1,,1,1,,,,,,,,,,,,,,,,,
GR856,Laamu,Six Senses House Reef,J,,,,,,,,,,,,,1,,,,,,,,,,,,,,,,,,,,,,,,,,,,,,,,,,,,
GR857,Laamu,Laama Faru Haa,J,,0,0,0,0,0,0,0,0,0,0,0,1,0,0,0,0,0,0,0,0,0,0,0,0,0,0,0,0,0,0,0,0,0,0,0,0,,,,,,,,,,,,
GR858,Laamu,Laama Faru Haa,J,,0,0,0,0,0,0,0,0,0,0,0,0,0,0,0,0,0,0,0,0,0,0,0,0,0,0,0,0,0,0,0,0,0,0,0,0,,,,,,,,,,,,
GR859,Laamu,Gaadhoo,J,,0,0,0,0,0,0,0,0,0,0,0,0,0,0,0,0,0,0,0,0,0,0,0,0,0,0,0,0,0,0,0,0,0,0,0,0,,,,,,,,,,,,
GR860,Laamu,Haleema Haa,J,,0,0,0,0,0,0,0,0,0,0,0,0,0,0,0,0,0,0,0,0,0,0,0,0,0,0,0,0,0,0,0,0,0,0,0,0,,,,,,,,,,,,
GR861,Laamu,Tinagaadhoo Faru,J,,0,0,0,0,0,0,0,0,0,0,0,0,0,0,0,0,0,0,0,0,0,0,0,0,0,0,0,0,0,0,0,0,0,0,0,0,,,,,,,,,,,,
GR862,Laamu,Hithadhoo Corner,J,,0,0,0,0,0,0,0,0,0,0,0,0,0,0,0,0,0,0,0,0,0,0,0,0,0,0,0,0,0,1,1,1,1,0,0,0,,,1,1,,,1,1,,1,1,
GR868,Laamu,Six Senses House Reef,J,,0,0,0,0,0,0,0,0,0,0,0,0,1,0,0,0,0,0,0,0,0,0,0,0,0,0,0,0,0,0,0,0,0,0,0,0,,,,,,,,,,,,
GR869,Laamu,Hithadhoo Corner,F,,0,0,0,0,0,0,0,0,0,0,0,0,1,1,1,1,0,0,1,1,1,1,1,1,1,1,1,1,1,1,1,1,0,1,0,0,,,,,,,,,,,,
GR870,Laamu,Six Senses House Reef,J,,,,,,,,,,,,,,,1,,,,,,,,1,,,,,,,,,,,,,,,,,,,,,,,,,,
GR871,Laamu,Hithadhoo Corner,J,,0,0,0,0,0,0,0,0,0,0,0,0,0,0,1,1,1,1,0,0,1,1,1,0,1,0,0,1,1,1,1,1,0,0,0,0,,1,1,1,1,1,1,1,1,1,1,1
GR872,Laamu,Hithadhoo Corner,J,,0,0,0,0,0,0,0,0,0,0,0,0,0,0,1,0,0,0,0,0,0,0,0,0,0,0,0,0,0,0,0,0,0,0,0,0,,,,,,,,,,,,
GR888,Laamu,Hithadhoo Corner,J,,0,0,0,0,0,0,0,0,0,0,0,0,0,0,0,0,0,0,0,0,0,0,0,0,0,0,0,0,0,0,0,0,0,0,0,0,,,,,,,,,,,,
GR889,Laamu,Hithadhoo Corner,J,,0,0,0,0,0,0,0,0,0,0,0,0,0,0,0,0,0,0,0,0,0,0,0,0,0,0,0,0,0,0,0,0,0,0,0,0,,,,,,,,,,,,
GR890,Laamu,Hithadhoo West,J,,,,,,,,,,,,,,,,,,,,,,,,,,1,,,,,,,,,,,,,,,,,,,,,1,,
GR891,Laamu,Hithadhoo Corner,M,110,0,0,0,0,0,0,0,0,0,0,0,0,0,0,0,0,0,1,0,0,0,1,0,0,0,0,0,0,0,1,0,0,0,0,0,0,,1,1,,,,,,,,,
GR892,Laamu,Gaadhoo,J,,0,0,0,0,0,0,0,0,0,0,0,0,0,0,0,1,0,0,0,0,0,0,0,0,0,0,0,0,0,0,0,0,0,0,0,0,,,,,,,,,,,,
GR893,Laamu,Six Senses House Reef,J,,,,,,,,,,,,,,,,,,,,,,,,,,,,,1,1,1,1,,,,,,,,,,1,,,1,,,,
GR894,Laamu,Fushi Kandu,J,,0,0,0,0,0,0,0,0,0,0,0,0,0,0,0,0,1,1,0,0,0,0,0,0,0,0,0,0,0,0,0,0,0,0,0,0,,,,,1,1,,1,,,,
GR895,Laamu,Hithadhoo West,M,,0,0,0,0,0,0,0,0,0,0,0,0,0,0,0,0,0,0,0,0,0,0,0,0,0,0,0,0,0,0,0,0,0,0,0,0,,,,,,,,,,,,
GR896,Laamu,Hithadhoo Corner,J,,0,0,0,0,0,0,0,0,0,0,0,0,0,0,0,0,0,1,0,0,0,0,0,0,0,0,0,0,0,0,0,0,0,0,0,0,,,,,,,,,,,,
GR897,Laamu,Six Senses House Reef,J,,,,,,,,,,,,,,,,,,,,1,,,,,,,,,,,,,,,,,,,,,,,,,,,,,
GR898,Laamu,Hithadhoo Corner,M,,0,0,0,0,0,0,0,0,0,0,0,0,0,0,0,0,0,0,0,0,1,0,0,0,0,0,0,0,0,0,0,0,0,0,0,0,,,,,,,,,,,,
GR899,Laamu,Hithadhoo Corner,F,,0,0,0,0,0,0,0,0,0,1,0,0,0,0,0,0,0,0,0,0,0,1,1,0,1,1,1,1,1,0,1,0,0,0,0,0,,,1,1,1,1,1,1,1,1,1,1
GR900,Laamu,Six Senses House Reef,J,,,,,,,,,,,,,,,,,,,1,,,,,,1,,,,,,,,,,,,,,,,,,,,,,,,
GR901,Laamu,Hithadhoo Corner,J,,0,0,0,0,0,0,0,0,0,0,0,0,0,0,0,0,0,0,0,0,0,1,0,0,0,0,0,0,0,0,0,0,0,0,0,0,,1,1,,,1,,,,1,1,1
GR902,Laamu,Hithadhoo Corner,J,,0,0,0,0,0,0,0,0,0,0,0,0,0,0,0,0,0,0,0,0,0,1,0,0,0,0,0,0,0,0,0,0,0,0,0,0,,1,1,,,1,,,,,,
GR903,Laamu,Hithadhoo Corner,F,80,0,0,0,0,0,0,0,0,0,0,0,0,0,0,0,0,0,0,0,0,1,0,0,0,0,0,0,1,0,0,1,1,0,0,0,0,1,1,1,1,1,1,1,,1,1,1,1
GR904,Laamu,Hithadhoo Corner,J,,0,0,0,0,0,0,0,0,0,0,0,0,0,0,0,0,0,0,0,0,0,1,0,0,0,1,0,0,0,0,0,0,0,0,0,0,,,,,,,,,,,,
GR905,Laamu,Hithadhoo Corner,J,,0,0,0,0,0,0,0,0,0,0,0,0,0,0,0,0,0,0,0,0,0,1,1,1,1,1,1,1,1,1,1,1,1,0,0,1,1,1,1,1,1,1,1,,1,1,1,1
GR906,Laamu,Hithadhoo Corner,J,,0,0,0,0,0,0,0,0,0,0,0,0,0,0,0,0,0,0,0,0,1,0,0,0,0,0,0,0,0,0,0,0,0,0,0,0,,,,,,,,,,,,
GR907,Laamu,Hithadhoo Corner,J,,0,0,0,0,0,0,0,0,0,0,0,0,0,0,0,0,0,0,0,0,0,1,0,0,0,0,0,0,0,0,0,0,0,0,0,0,,,,,,,,,,,,
GR908,Laamu,Six Senses House Reef,J,,,,,,,,,,,,,,,,,,,,,,,1,1,,,,,,,,,,,,,,,,,,,,,,,,,
GR910,Laamu,Six Senses House Reef,J,,,,,,,,,,,,,,,,,,1,,,,,,,,,,,,,,,,,,,,,,,,,,,,,,,
GR911,Laamu,Kurethi,M,,0,0,0,0,0,0,0,0,0,0,0,0,0,0,0,0,0,0,0,0,1,0,0,0,0,0,0,0,0,0,0,0,0,0,0,0,,,,,,,,,,,,
GR912,Laamu,Kurethi,M,,0,0,0,0,0,0,0,0,0,0,0,0,0,0,0,0,0,0,0,0,1,0,0,0,0,0,0,0,0,0,0,0,0,0,0,0,,,,,,,,,,,,
GR913,Laamu,Hithadhoo West,F,,0,0,0,0,0,0,0,0,0,0,0,0,0,0,0,0,0,0,1,0,0,0,0,0,1,0,0,0,0,0,0,0,0,0,0,0,1,,,1,,,,,,,,1
GR914,Laamu,Kurethi,M,,0,0,0,0,0,0,0,0,0,0,0,0,0,0,0,0,0,0,0,0,1,0,0,0,0,0,0,0,0,0,0,0,0,0,0,0,,,,,,,,,,,,
GR915,Laamu,Hithadhoo West,J,,,,,,,,,,,,,,,,,,,,,,,1,,,,,,,,,,,,,,,,,1,,,,,,,,,
GR916,Laamu,Hithadhoo West,M,,0,0,0,0,0,0,0,0,0,0,0,0,0,0,0,0,0,0,0,0,0,1,0,0,1,0,0,0,0,0,0,0,0,0,0,0,,,,,,,,,,,,
GR917,Laamu,Six Senses House Reef,J,,0,0,0,0,0,0,0,0,0,0,0,0,0,0,0,0,0,0,0,0,0,1,0,0,0,0,0,0,0,0,0,0,0,0,0,0,,,,,,,,,,,,
GR918,Laamu,Six Senses House Reef,J,,0,0,0,0,0,0,0,0,0,0,0,0,0,0,0,0,0,0,0,0,0,1,0,0,0,0,0,0,0,0,0,0,0,0,0,0,,,,,,,,,,,,
GR919,Laamu,Six Senses House Reef,J,,0,0,0,0,0,0,0,0,0,0,0,0,0,0,0,0,0,0,0,0,0,1,0,0,0,0,0,0,0,0,0,0,0,0,0,0,,,,,,1,,,,1,,
GR920,Laamu,Hithadhoo West,J,,,,,,,,,,,,,,,,,,,,,,,,,,,,,,,,,,,,,,,,,,,,,,,1,,
GR921,Laamu,Hithadhoo West,J,,,,,,,,,,,,1,,,,,,,,,,,,,,,,,,1,,,,,,,,,,,,,,,,,1,,
GR922,Laamu,Hithadhoo Corner,M,,0,0,0,0,0,0,0,0,0,0,0,0,0,0,0,0,0,0,0,0,0,0,0,1,0,1,0,0,0,0,0,0,0,0,0,0,,,,,,,,,,,,
GR923,Laamu,Laama Faru Haa,J,,0,0,0,0,0,0,0,0,0,0,0,0,0,0,0,0,0,0,0,0,0,0,0,0,1,0,0,0,0,0,0,0,0,0,0,0,,,,,,,,,,,,
GR934,Laamu,Hithadhoo Corner,J,,0,0,0,0,0,0,0,0,0,0,0,0,0,0,0,0,0,0,0,0,0,0,0,1,0,0,0,0,0,0,0,0,0,0,0,0,,,,,,,,,,,,
GR935,Laamu,Hithadhoo West,J,,0,0,0,0,0,0,0,0,0,0,0,0,0,0,0,0,0,0,0,0,0,0,0,0,1,0,0,0,0,0,0,0,0,0,0,0,,,,,,,,,,,,
GR936,Laamu,Hithadhoo Corner,J,,0,0,0,0,0,0,0,0,0,0,0,0,0,0,0,0,0,0,0,0,0,0,0,0,1,0,0,0,0,0,0,0,0,0,0,0,,,,,,,,,,,,
GR937,Laamu,Hithadhoo Corner,J,,0,0,0,0,0,0,0,0,0,0,0,0,0,0,0,0,0,0,0,0,0,0,0,0,1,0,0,0,0,0,0,0,0,0,0,0,,,,,,,,,,,,
GR938,Laamu,Hithadhoo Corner,M,,0,0,0,0,0,0,0,0,0,0,0,0,0,0,0,0,0,0,0,0,0,0,0,0,1,0,0,1,0,0,0,0,0,0,0,0,,,,,,,,,,,,
GR939,Laamu,Gaadhoo,J,,0,0,0,0,0,0,0,0,0,0,0,0,0,0,0,0,0,0,0,0,0,0,0,0,0,1,0,0,0,0,0,0,0,0,0,0,,,,,,,,,,,,
GR940,Laamu,Six Senses House Reef,F,110,,,,,,,,,,,,,,,,,,,,,,,,,,,,1,1,1,1,,,,,,,,,,,,,,,,,
GR941,Laamu,Six Senses House Reef,F,85,,,,,,,,,,,,,,,,,,,1,,,,,,,,,,,1,1,1,,,,,,,,,,,,,,,,
GR942,Laamu,Six Senses House Reef,F,95,,,,,,,,,,,,,,,,,,,,,,,,,,,,,,1,1,1,,,,,,,,,,,,,,,,
GR943,Laamu,Six Senses House Reef,F,,0,0,0,0,0,0,0,0,0,0,0,0,0,0,0,0,0,0,0,0,0,0,0,0,0,0,0,0,0,1,0,0,0,0,0,0,,,,,,,,,,,,
GR944,Laamu,Six Senses House Reef,M,,0,0,0,0,0,0,0,0,0,0,0,0,0,0,0,0,0,0,0,0,0,0,0,0,0,0,0,0,0,0,0,0,0,0,0,0,,,,,,1,,,,,,
GR945,Laamu,Fushi Kandu,J,,0,0,0,0,0,0,0,0,0,0,0,0,0,0,0,0,0,0,0,0,0,0,0,0,0,0,0,0,1,0,0,0,0,0,0,0,,,,,,,,,,,,
GR947,Laamu,Haleema Haa,J,,0,0,0,0,0,0,0,0,0,0,0,0,0,0,0,0,0,0,0,0,0,0,0,0,0,0,0,0,0,0,1,0,0,0,0,0,,1,,1,,,,,,1,,
GR948,Laamu,Ying Yang,F,,0,0,0,0,0,0,0,0,0,0,0,0,0,0,0,0,0,0,0,0,0,0,0,0,0,0,0,0,0,0,0,0,0,0,0,1,,,,,,,,,,,,
GR949,Laamu,Six Senses House Reef,J,60,,,,,,,,,,,,,,,,,,,,,,,,,,,,,,,,,1,,1,,1,1,1,1,,,,1,,,,
GR962,Laamu,Hithadhoo Corner,J,,,,,,,,,,,,,,,,,,,,,,,,,,,,,,,,,,1,,,,,,,,,,,,,,,
GR963,Laamu,Hithadhoo Corner,J,60,,,,,,,,,,,,,,,,,,,,,,,,,,,,,,,,,,,,,1,1,1,1,1,1,1,1,1,1,1,1
GR964,Laamu,Hithadhoo Corner,F,110,,,,,,,,,,,,,,,,,,,,,,,,,,,,,,,,,,,,,,1,1,,,,,,,,,
GR965,Laamu,Hithadhoo West,J,,,,,,,,,,,,,,,,,,,,,,,,,,,,,,,,,,1,,,,,,,,,,,,,,,
GR979,Laamu,Six Senses House Reef,J,,,,,,,,,,,,,,,,,,,,,,,,,,,,,,,,,,,,,,,,1,,,,,,,,,
GR982,Laamu,Ying Yang,J,,,,,,,,,,,,,,,,,,1,,,,,,,,,,,,,,,,,,,,1,,1,,1,1,,1,1,1,1,
GR984,Laamu,Laama Faru Haa,J,,,,,,,,,,,,,,,,,,,,,,,,,,,,,,,,,,,,,,,,1,,,,,,,,,
GR985,Laamu,Ying Yang,J,,,,,,,,,,,,,,,,,,,,,,,,,,,,,,,,,,,,,,,,1,,,,,,,,,
GR986,Laamu,Hithadhoo West,J,,,,,,,,,,,,,,,,,,,,,,,,,,,,,,,,,,,,,,,,1,,,,,,,,,
GR987,Laamu,Hithadhoo Corner,F,,,,,,,,,,,,,,,,,,,,,,,,,,,,,,,,,,,,,,,,,1,1,1,1,1,1,1,1,1
GR1014,Lhaviyani,Fushifaru,F,80,,,,,,,,,,,,,,,,,,,,,,,,,,,,,,,,,,,,,,,,,,1,,,,,,
GR1015,Lhaviyani,Kuredu Express,,,,,,,,,,,,,,,,,,,,,,,,,,,,,,,,,,,,,,,,,,1,,,,,,,,
GR1016,Lhaviyani,Kuredu Caves,J,50,,,,,,,,,,,,,,,,,,,,,,,,,,,,,,,,,,,,,,,,,,1,,,,,,
GR1027,Lhaviyani,Hurawalhi Thila,F,75,,,,,,,,,,,,,,,,,,,,,,,,,,,,,,,,,,,,,,,,,,,1,,,,,
GR1028,Lhaviyani,Hurawalhi Thila,F,70,,,,,,,,,,,,,,,,,,,,,,,,,,,,,,,,,,,,,,,,,,,1,,,,,
GR1029,Lhaviyani,Hinnavaru Kandu,J,55,,,,,,,,,,,,,,,,,,,,,,,,,,,,,,,,,,,,,,,,,,,1,,,,,
GR1038,Lhaviyani,Kuredu Express,M,75,,,,,,,,,,,,,,,,,,,,,,,,,,,,,,,,,,,,,,,,,,,,1,,,,
GR1039,Lhaviyani,Kuredu Express,J,50,,,,,,,,,,,,,,,,,,,,,,,,,,,,,,,,,,,,,,,,,,,,1,,,,
GR1040,Lhaviyani,Kuredu Sandbank,F,64,,,,,,,,,,,,,,,,,,,,,,,,,,,,,,,,,,,,,,,,,,,1,,,,,
GR1042,Lhaviyani,Felivaru,,,,,,,,,,,,,,,,,,,,,,,,,,,,,,,,,,,,,,,,,,,,,,,1,,,
GR1043,Lhaviyani,Kuredu Corner,,,,,,,,,,,,,,,,,,,,,,,,,,,,,,,,,,,,,,,,,,,1,,,,1,,,
GR1044,Lhaviyani,Kuredu Corner,,,,,,,,,,,,,,,,,,,,,,,,,,,,,,,,,,,,,,,,,,,,,,,1,,,
GR1054,Lhaviyani,Kuredu Corner,J,50,,,,,,,,,,,,,,,,,,,,,,,,,,,1,,,,,,,,,,,,,,,,,,1,,,
GR1055,Lhaviyani,Kuredu Corner,M,85,,,,,,,,,,,,,,,,,,,,,,,,,,,,,,,,,,,,,,,,,,,,,,1,,
GR1056,Lhaviyani,Kuredu Caves,J,50,,,,,,,,,,,,,,,,,,,,,,,,,,,,,,,,,,,,,,,,,,,,,,1,,
GR1057,Lhaviyani,Kuredu Express,J,45,,,,,,,,,,,,,,,,,,,,,,,,,,,,,,,,,,,,,,,,,,,,,,1,,
GR1058,Lhaviyani,Kuredu Express,J,30,,,,,,,,,,,,,,,,,,,,,,,,,,,,,,,,,,,,,,,,,,,,,,1,,
GR1059,Lhaviyani,Kuredu House Reef,J,30,,,,,,,,,,,,,,,,,,,,,,,,,,,,,,,,,,,,,,,,,,,,,,1,,1
GR1060,Lhaviyani,Gavirifaru Kandu,J,,,,,,,,,,,,,,,,,,,,,,,,,,,,,,,,,,,,,,,,,,,,,,,1,,
GR1061,Lhaviyani,Gavirifaru Kandu,J,50,,,,,,,,,,,,,,,,,,,,,,,,,,,,,,,,,,,,,,,,,,,,,,1,,
GR1062,Lhaviyani,Gavirifaru Kandu,J,30,,,,,,,,,,,,,,,,,,,,,,,,,,,,,,,,,,,,,,,,,,,,,,1,,
GR1080,Lhaviyani,Kuredu House Reef,J,30,,,,,,,,,,,,,,,,,,,,,,,,,,,,,,,,,,,,,,,,,,,,,,,,1
GR114,Lhaviyani,Maagiri,,,,,,,,,,,,,,,,,,,,,,,,,,,,,,,,,,,,,,,,,,,,,,,,,,
GR118,Lhaviyani,Kuredu House Reef,F,70,,,,,,,,,,,,,,1,1,,,,,,,,,,,1,,,,,,,1,1,,,,,,,,,,,,,,
GR120,Lhaviyani,Kuredu House Reef,M,60,,,,,,,,,,,,,,,,,,,,,,,,1,1,,,1,,1,,1,,1,1,1,1,,1,,1,1,1,,1,,,
GR121,Lhaviyani,Kuredu House Reef,J,60,,,,,,,,,,,,,,,,,,,,,,,,,1,,,,,,,,,1,,,,,,1,,,,1,,1,,
GR122,Lhaviyani,Kuredu House Reef,F,65,,,,,,,,,,,,,,1,,,,,,,,,,,1,,,1,,,,,,,,,,,,,,,,,,,,
GR123,Lhaviyani,Kuredu House Reef,M,,,,,,,,,,,,,,,,,,,,,,,,1,,1,1,1,1,,,,,,,,,,1,,1,1,1,,1,1,1,,
GR124,Lhaviyani,Kuredu Caves,,,,,,,,,,,,,,,,,,,,,,,,,,,,,,,,,,,,,,,,,,,,,,,,,,
GR126,Lhaviyani,Kuredu Caves,F,75,,,,,,,,,,,,,1,1,,,,,,,,,,,,,,,,,,,,,,,,,,,,,,,,,,
GR129,Lhaviyani,Kuredu Caves,F,70,,,,,,,,,,,,,1,1,1,,1,1,,,,1,,1,,1,1,,1,1,1,1,1,1,,,,1,1,1,1,,1,1,,,,1
GR135,Lhaviyani,Kuredu Caves,M,100,,,,,,,,,,,,,,,,,,,,,,,,,,,,,,,1,,,1,,,,,,,,,,,,1,,
GR137,Lhaviyani,Kuredu Caves,F,,,,,,,,,,,,,,,,,,,,,,,,,,,,,,,,,,,,,,,,,,,,,,,,,
GR140,Lhaviyani,Komandhoo,F,,,,,,,,,,,,,,,,,,,,,,,,,,,,,,,,,,,,,,,,,,,,,,,,,
GR141,Lhaviyani,Kuredu Caves,F,95,,,,,,,,,,,,,1,,,,,1,1,,,1,,1,1,1,1,1,1,1,1,1,,1,,1,1,1,1,1,1,1,1,1,,1,,1
GR142,Lhaviyani,Kuredu Caves,J,55,,,,,,,,,,,,1,,,,,1,,,,,,,,,,,,,,,,,,,,,,,,,,,,,,,
GR145,Lhaviyani,Kuredu Caves,J,55,1,,,,,,,,,,,1,1,1,1,1,1,1,,,,,,,,,,,,,,,,,,,,,,,,,,,,,,
GR147,Lhaviyani,Kuredu Express,M,,,,,,,,,,,,,,,,1,,,,,,,,,,,,,,,,,,,,,,,,,,,,,,,,,
GR148,Lhaviyani,Kuredu Caves,F,,,,,,,,,,,,,,,,,,,,,,,,,,,,,,,,,,,,,,,,,,,,,,,,,
GR19,Lhaviyani,Kuredu Caves,F,75,,1,,,,,,,,,,,1,,1,1,1,,,,,,,,1,,1,1,,,,1,1,1,,,1,1,,,,,,,,,,
GR300,Lhaviyani,Kuredu House Reef,J,60,,,,,,,,,,,1,,1,1,1,1,1,,1,1,1,1,1,1,1,1,1,1,1,1,1,1,1,1,,,,,,,,,,,,,,
GR301,Lhaviyani,Kuredu House Reef,J,45,,,,,,,,,,,,,,,,,,,,,,,,,,,,,,,,,,,,,,,,,,,,,,,,
GR303,Lhaviyani,Kuredu House Reef,M,95,,,,,,,,,,,,,,,1,,1,,,1,1,1,1,1,1,1,1,1,1,1,1,1,1,1,1,1,,1,1,1,1,1,,1,1,,,
GR304,Lhaviyani,Kuredu House Reef,J,60,,,,,,,,,,,1,,1,1,,,,,,,1,1,1,1,,1,1,1,,1,1,1,1,1,,1,1,,1,,,,,,,,,
GR307,Lhaviyani,Kuredu Express,F,80,,,,,,,,,,,,,,,,,,1,,,,,,,,,,,,,,,,,,,,,,,,,,,,,,
GR313,Lhaviyani,Kuredu House Reef,F,80,,,,,,,,,,,,,,1,,,,1,1,1,,1,1,,1,1,1,1,1,1,1,1,1,,,1,1,1,1,1,,,,,1,1,,1
GR319,Lhaviyani,Kuredu House Reef,F,80,,,,,,,,,,,,,,,,1,1,,1,1,1,1,1,1,1,1,1,1,1,1,1,,1,1,,,,,,,,1,,,1,,,
GR324,Lhaviyani,Kuredu Caves,F,85,,,,,,,,,,,,,,,,,1,,,,,,,,,1,1,,1,1,,1,1,1,,1,1,1,,1,1,,1,1,1,,,
GR325,Lhaviyani,Kuredu Caves,F,,,,,,,,,,,,,,,,,,,,,,,,,,,,,,,,,,,,,,,,,,,,,,,,,
GR326,Lhaviyani,Kuredu Caves,M,75,,,,,,,,,,,,,1,1,1,,1,1,,,,,,,1,1,1,1,1,1,,1,1,1,1,1,1,1,,1,1,1,,,1,1,,
GR329,Lhaviyani,Kuredu Caves,F,70,,,,,,,,,,,,,1,,,1,1,,,,,,1,1,,,,1,1,1,,,,,,,,,,,,,,,,,,
GR33,Lhaviyani,Kuredu Caves,F,,,,,,,,,,,,,,,,,,,,,,,,,,,,,,,,,,,,,,,,,,,,,,,,,
GR36,Lhaviyani,Kuredu Caves,J,60,,,,,,,,,,,,1,1,1,,1,1,1,1,,,1,,1,,,1,,,,,,,,,,,,,,,,,,,,,
GR366,Lhaviyani,Kuredu House Reef,,,,,,,,,,,,,,,,,,,,,,,,,,,,,,,,,,,1,,,,,,,,,,,,,,,
GR368,Lhaviyani,Kuredu House Reef,F,65,,,,,,,,,,,,,,1,1,,1,,,1,1,1,1,1,1,1,,1,1,1,1,1,,,,1,,,,,,,,,,,,
GR369,Lhaviyani,Kuredu House Reef,F,70,,,,,,,,,,,,,,1,,,,,,,,1,1,1,1,1,1,1,1,1,1,1,1,1,,1,,,,1,,,,,,,,
GR37,Lhaviyani,Kuredu Caves,F,,,,,,,,,,,,,,,1,,,,,,,,,,,,,,,,,,,,,,,,,,,,,,,,,,
GR370,Lhaviyani,Kuredu House Reef,J,60,,,,,,,,,,,1,,,1,1,,1,,1,1,,1,1,,1,1,1,1,1,1,1,1,1,1,1,1,1,1,1,,,,1,,,,,
GR371,Lhaviyani,Bodu Giri,F,90,,,,,,,,,,,,,,,,,,,,,,,,,,,,,,1,,1,,,,,,,,,,,,,,,,
GR372,Lhaviyani,Kuredu House Reef,J,60,,,,,,,,,,,,,,1,,,,,,1,1,1,1,,1,1,1,1,1,1,1,1,1,1,1,1,,1,,1,1,1,1,1,1,1,,1
GR374,Lhaviyani,Kuredu House Reef,M,,,,,,,,,,,,,,,,,,,,,,,,,,,,,,,,,,,,,,,,,,,,,,,,,
GR38,Lhaviyani,Kuredu Caves,M,110,,,,,,,,,,,,1,,,,,,,,,,,,,,,,,,,,,,,,,,,,,,,,,,,,
GR456,Lhaviyani,Kuredu Caves,J,45,,,,,,,,,,,,1,1,1,1,1,1,1,1,1,,1,1,,,1,,1,,,,1,,,,,1,,,,,,,,1,,,
GR457,Lhaviyani,Kuredu House Reef,F,85,,,,,,,,,,,1,,1,1,,1,,1,1,,,1,1,1,1,1,1,1,1,1,1,1,1,,,1,,,,,,,,,,,,
GR458,Lhaviyani,Kuredu House Reef,F,70,,,,,,,,,,,1,,,1,1,,,,,1,1,1,,1,1,1,1,,1,,1,1,1,1,1,1,,1,,,,,,,,,,
GR459,Lhaviyani,Kuredu House Reef,F,65,,,,,,,,,,,1,,,1,,1,1,,1,1,,1,,,1,1,1,,1,1,1,1,,1,,1,1,,,,1,,1,1,1,1,,
GR461,Lhaviyani,Coral Garden,J,45,,,,,,,,,,,,1,,,,,,,,,,,,,,,,,,,,,,,,,,,,,,,,,,,,
GR462,Lhaviyani,Kuredu Caves,F,75,,,,,,,,,,,,1,1,1,,1,1,1,,,,,1,1,,1,,1,1,1,1,1,1,1,1,1,1,1,1,1,1,1,,1,1,1,,
GR463,Lhaviyani,Kuredu Caves,J,60,,,,,,,,,,,,1,,1,1,,1,,1,,,1,,,,1,1,1,1,1,1,1,1,1,1,,,1,1,1,1,1,1,,1,,,
GR464,Lhaviyani,Coral Garden,J,65,,,,,,,,,,,,1,1,1,,,,,,,,,,,,,,,,,,,,,,,,,,,,,,,,,,
GR475,Lhaviyani,Kuredu Express,J,60,,,,,,,,,,,,,1,1,,,1,,,,,,,,,,,,,,,,,1,,,1,,,,,,,1,,,,
GR476,Lhaviyani,Kuredu House Reef,J,55,,,,,,,,,,,,,1,1,,1,1,1,,,,,1,1,1,1,1,1,1,1,1,1,1,1,1,1,1,1,,,1,,1,1,1,,,
GR488,Lhaviyani,Kuredu Express,F,65,,,,,,,,,,,,,,1,,,,1,,,,,,,,,,,,,,,,,,,,,,,,,,,,,,
GR491,Lhaviyani,Kuredu Caves,J,50,,,,,,,,,,,,,,1,,,,1,,,,,,,,,,,,,,,,,,,,,,,,,,,,,,
GR492,Lhaviyani,Kuredu House Reef,M,75,,,,,,,,,,,,,,1,,,,,,,,,,,,,,,,,,,,,,,,,,1,,,,,,,,
GR493,Lhaviyani,Kuredu House Reef,J,40,,,,,,,,,,,,,,,,,,,,,,,,1,1,1,1,1,,1,1,1,1,1,1,1,1,1,1,,,,,,,,,
GR494,Lhaviyani,Kuredu House Reef,J,50,,,,,,,,,,,,,,1,1,,1,,1,1,1,1,1,1,1,1,1,1,,1,1,1,1,1,1,1,1,1,1,1,1,1,1,1,1,1,,1
GR495,Lhaviyani,Felivaru,J,40,,,,,,,,,,,,,,1,,,,,,,,,,,,,1,,,,1,,,,,,,,,,,,,,,,,
GR511,Lhaviyani,Kuredu Express,J,50,,,,,,,,,,,,,,1,1,1,,1,1,,1,,,,1,1,1,1,1,,,1,,,,1,,,,,,,,,,,,
GR512,Lhaviyani,Kuredu House Reef,F,85,,,,,,,,,,,,,,1,,,1,,,,,1,1,,1,1,1,,1,1,,1,,,1,1,1,1,1,,,,1,1,1,,,1
GR513,Lhaviyani,Kuredu House Reef,J,50,,,,,,,,,,,,,,1,,1,,,,1,,1,1,1,,1,1,1,1,,,,1,,,,,,,,1,,1,,,,,
GR514,Lhaviyani,Kuredu House Reef,M,110,,,,,,,,,,,,,,1,,,,,,,,,,,,1,1,1,,1,,1,1,1,,,,,,,,,,,,,,
GR526,Lhaviyani,Kuredu Express,M,75,,,,,,,,,,,,,,,1,,,,,,,,,,,,,,,,,,,,,,,,,,,,,,,,,
GR527,Lhaviyani,Kuredu Caves,F,65,1,,,,,,,,,,,1,1,1,1,1,1,,1,,,,,1,1,1,1,1,1,1,1,1,,1,1,1,1,1,1,1,1,1,1,1,,1,,
GR528,Lhaviyani,Kuredu House Reef,J,55,,,,,,,,,,,,,,1,1,,,,,,,1,1,1,1,1,1,1,1,1,,1,,1,1,1,1,1,1,1,1,1,,,1,1,,
GR529,Lhaviyani,Kuredu Caves,F,75,,,,,,,,,,,,,,,1,,,,,,,,,,,1,,,,,,,,,,,,,,,,,,,,,,
GR530,Lhaviyani,Kuredu Caves,J,55,,,,,,,,,,,,,,,1,,,,,,,,,1,,,1,,1,1,,1,1,,,1,,1,1,1,1,1,1,1,,,,
GR532,Lhaviyani,Felivaru,J,50,,,,,,,,,,,,,,,1,,,,,,,,,,,,,,,,,,,,,,,,,,,,,,,,,
GR533,Lhaviyani,Kuredu Express,J,60,,,,,,,,,,,,,,,1,1,,,,,,,,,,,,,,,,,,,,,,1,,,,,,1,,,,1
GR544,Lhaviyani,Kuredu Express,J,45,,,,,,,,,,,,,,,,1,,,,,,,,,,,1,,1,1,,,,,,1,,,,,,,,,1,,,
GR562,Lhaviyani,Kuredu Caves,J,60,,,,,,,,,,,,,,,,,1,,,,,,,,,,,,,,,,,,,,,,,,1,,,,,1,,
GR563,Lhaviyani,Kuredu Caves,F,70,,,,,,,,,,,,,,,,,1,,1,,,1,,,1,1,,,,,,,,,,,1,,,,,,,,,,,
GR564,Lhaviyani,Kuredu Caves,F,75,,,,,,,,,,,,,,,,1,1,1,,,,,,1,,,,,,,,,,,,,,,,,,,,,,,,
GR583,Lhaviyani,Kuredu Express,F,75,,,,,,,,,,,,,,,1,,1,,,,,,,,,,,,,,,,,,,,,,,,,,,1,,,,
GR584,Lhaviyani,Kuredu House Reef,J,40,,,,,,,,,,,,,,,,,,1,,1,,1,,1,1,1,1,1,1,1,1,1,1,1,1,1,,1,,1,,,1,,1,1,,
GR594,Lhaviyani,Kuredu Caves,F,70,,,,,,,,,,,,,,,,,,,1,,,,,,,1,,,,,,,,,,,1,,,,,,,,,1,,
GR596,Lhaviyani,Kuredu House Reef,J,45,,,,,,,,,,,,,,,,,,,,1,,1,,,1,1,1,1,1,,1,1,,,,1,1,1,1,1,1,,,1,1,,,1
GR602,Lhaviyani,Kuredu House Reef,J,45,,,,,,,,,,,,,,,,,,,,1,,1,1,,,1,,1,1,1,1,1,1,1,1,1,1,1,1,1,1,,1,,1,1,,1
GR604,Lhaviyani,Kuredu Caves,M,80,,,,,,,,,,,,,,,,,,,1,,,,,,,,,,,,,,,,,,,,,,,,1,,,,,1
GR611,Lhaviyani,Kuredu House Reef,F,70,,,,,,,,,,,,,,,,,,,,1,,1,1,,,,,,,,1,,,,,,,,,,,,,,,,,
GR613,Lhaviyani,Kuredu House Reef,J,50,,,,,,,,,,,,,,,,,,,1,,,,,1,,1,,,,1,1,1,1,1,,,1,,1,,1,,1,1,1,1,,1
GR614,Lhaviyani,Kuredu House Reef,J,45,,,,,,,,,,,,,,,,,,,,,1,1,1,1,1,1,1,1,1,1,,1,,1,1,,,,,,,,,,,,,
GR615,Lhaviyani,Kuredu House Reef,F,80,,,,,,,,,,,,,,,,,,,,,1,,,1,1,,1,1,1,1,,1,1,1,,1,,,,,,,,,,,,
GR620,Lhaviyani,Kuredu Caves,J,50,,,,,,,,,,,,,,,,,,,,,1,,,,1,,,,1,1,,1,,1,1,,1,,,1,1,,,1,1,,,1
GR621,Lhaviyani,Kuredu Caves,M,80,,,,,,,,,,,,,,,,,,,,,,1,,,,,,,,,,,,1,,,,,,,,,,,,,,
GR629,Lhaviyani,Kuredu House Reef,F,70,,,,,,,,,,,,,,,,,,,,,,1,1,1,1,1,,,,,,,,,,1,1,,1,1,1,1,1,1,1,1,,
GR630,Lhaviyani,Kuredu House Reef,M,95,,,,,,,,,,,,,,,,,,,,,,1,,,,,,1,,,,,,,,,,,,,,,,,,,,
GR635,Lhaviyani,Kuredu House Reef,J,35,,,,,,,,,,,,,,,,,,,,,,,1,1,1,1,1,1,1,1,1,1,1,1,1,1,1,1,1,1,1,1,1,,,,,
GR636,Lhaviyani,Kuredu House Reef,J,40,,,,,,,,,,,,,,,,,,,,,,,1,1,1,1,1,1,1,1,1,1,1,1,1,1,1,1,1,1,,1,1,,1,1,,
GR637,Lhaviyani,Kuredu Caves,F,,,,,,,,,,,,,,,,,,,,,,,,1,,,,,1,,,,,,1,,,,,,,1,,1,,1,1,,1
GR646,Lhaviyani,Kuredu House Reef,J,35,,,,,,,,,,,,,,,,,,,,,,,,1,1,1,1,1,1,1,1,1,,1,,1,1,1,1,1,1,1,1,1,1,1,,
GR647,Lhaviyani,Kuredu House Reef,J,40,,,,,,,,,,,,,,,,,,,,,,,,1,,,,,,,,,,,,,,,,,,,,,,,,
GR648,Lhaviyani,Komandhoo,J,45,,,,,,,,,,,,,,,,,,,,,,,,1,1,1,1,,,,1,,1,,,,,,,,,,,,,,,
GR650,Lhaviyani,Kuredu House Reef,F,80,,,,,,,,,,,,,,,,,,,,,,,,1,1,1,,1,,1,,,1,,1,,,,,,,1,1,1,1,,,
GR655,Lhaviyani,Kuredu Island,F,100,,,,,,,,,,,,,,,,,,,,,,,,1,1,,,,,,,,,,,,,,,,,,,,,,,
GR656,Lhaviyani,Kuredu Caves,J,,,,,,,,,,,,,,,,,,,,,,,,,1,,,1,,,,1,,,,,,,,,,,,,,,,,
GR664,Lhaviyani,Kuredu House Reef,J,60,,,,,,,,,,,,,,,,,,,,,,,,1,1,1,,1,,,1,1,,1,1,,,,,,,,,1,1,1,,
GR665,Lhaviyani,Kuredu Express,J,55,,,,,,,,,,,,,,,,,,,,,,,,,1,,1,,,1,1,1,,1,,,,,,,,,,,,,,
GR666,Lhaviyani,Komandhoo,J,30,,,,,,,,,,,,,,,,,,,,,,,,,1,,1,,,,,,,,,,,,,,,,,,,,,
GR680,Lhaviyani,Kuredu Caves,J,45,,,,,,,,,,,,,,,,,,,,,,,,,,1,,1,,,,,,,,,,,,1,1,1,1,1,1,1,,1
GR685,Lhaviyani,Kuredu Caves,J,35,,,,,,,,,,,,,,,,,,,,,,,,1,1,1,1,1,1,1,1,1,1,1,1,1,1,1,1,1,1,1,1,1,1,,,1
GR686,Lhaviyani,Tinga Giri,F,85,,,,,,,,,,,,,,,,,,,,,,,,,1,,,,1,1,,,,,,,,,,,,,,,,,,
GR687,Lhaviyani,Fun Giri,J,,,,,,,,,,,,,,,,,,,,,,,,,,,1,,,,,,,,,,,,,,,,,,,,,,
GR688,Lhaviyani,Kuredu Express,J,60,,,,,,,,,,,,,,,,,,,,,,,,,,1,,,,1,,1,,,,1,,,,,,,,,,,,
GR689,Lhaviyani,Kuredu House Reef,J,55,,,,,,,,,,,,,,,,,,,,,,,,,,1,1,1,,1,,,1,1,,1,1,1,,,,,,1,,,,
GR69,Lhaviyani,Kuredu Caves,F,80,,,,,,,,,,,,,,,,,,1,,,,1,1,,,1,1,1,1,1,,,,,,,,,,,,,,,,,,
GR690,Lhaviyani,Kuredu House Reef,J,35,,,,,,,,,,,,,,,,,,,,,,,,,,1,,1,1,1,1,1,1,,1,1,1,1,1,1,1,1,1,1,1,,,1
GR70,Lhaviyani,Kuredu House Reef,F,75,,,,,,,,,,,,,,,1,,1,,1,1,1,1,1,1,,1,1,1,1,1,1,1,1,,1,1,,,,,,,,,,,,
GR706,Lhaviyani,Kuredu Caves,J,45,,,,,,,,,,,,,,,,,,,,,,,,,1,1,1,1,1,1,1,1,1,,1,1,1,1,1,1,1,1,1,1,,,,
GR707,Lhaviyani,Aquarium,J,40,,,,,,,,,,,,,,,,,,,,,,,,,,1,1,1,,,,,,,,,,,,,1,,,,,,,
GR71,Lhaviyani,Kuredu House Reef,J,,,,,,,,,,,,,,,,,,,,,,,,,,,,,,,,,,,,,,,,,,,,,,,,,
GR712,Lhaviyani,Kuredu Caves,J,50,,,,,,,,,,,,,1,,,,,,,,,,1,1,,1,1,1,1,1,,1,1,1,,1,,1,1,1,1,1,1,1,1,,,1
GR713,Lhaviyani,Kuredu Island,F,100,,,,,,,,,,,,,,,,,,,,,,,,,,,1,,,,,,,,,,,,,,,,,,,,,
GR714,Lhaviyani,Kuredu Express,J,50,,,,,,,,,,,,,,,,,,,,,,,,,,,1,,,,,,,,,,,,,,,,,,,,,
GR715,Lhaviyani,Kuredu Caves,M,80,,,,,,,,,,,,,,,,,,,,,,,1,,,,1,1,,,,,1,1,,1,1,,,,1,1,,,,,,1
GR722,Lhaviyani,Naifaru,,,,,,,,,,,,,,,,,,,,,,,,,,,,,1,,,,,,,,,,,,,,,,,,,,,
GR723,Lhaviyani,Kuredu Express,J,45,,,,,,,,,,,,,,,,,,,,,,,,,,,,1,,,1,,,1,,,,,,1,,,,,,,,
GR724,Lhaviyani,Kuredu Caves,J,65,,,,,,,,,,,,,,,,,,,,,,,1,,,,,1,,,,,1,,,,,,,,,,,,,,,
GR725,Lhaviyani,Kuredu Caves,F,75,,,,,,,,,,,,,,,,,,,,,,,1,,,,,1,,,,1,,,,,,,,1,,,,,1,,,
GR726,Lhaviyani,Kuredu Caves,M,100,,,,,,,,,,,,,,,,,,,,,,,,,,,,1,1,,,1,,1,1,1,,,,,,,,,,,,
GR73,Lhaviyani,Kuredu House Reef,F,90,,,,,,,,,,,,,,,,,,,1,,,,,,1,1,,1,,1,,,,1,,1,,,,1,,,1,,1,1,,
GR74,Lhaviyani,Kuredu Caves,M,90,,,,,,,,,,,,,,,,,,,,,,,1,1,,1,,,,,,,1,1,1,,1,,1,,,,1,,1,,,
GR740,Lhaviyani,Kuredu Express,J,40,,,,,,,,,,,,,,,,,,,,,,,,,,,,,1,,,,,,,,,,,,1,,,,,,,
GR741,Lhaviyani,Kuredu Express,J,40,,,,,,,,,,,,,,,,,,,,,,,,,,,,,1,,,,,,,,,,,,,,,,,,,
GR742,Lhaviyani,Kuredu Express,F,75,,,,,,,,,,,,,,,,,,,,,,,,,,,,,1,,,,,,,,,,,,,,,,,1,,
GR744,Lhaviyani,Kuredu House Reef,J,40,,,,,,,,,,,,,,,,,,1,,,,,,,,,,,,1,1,1,1,1,1,1,1,1,1,1,1,1,1,1,1,1,,1
GR745,Lhaviyani,Kuredu Express,M,90,,,,,,,,,,,,,,,,,,,,,,,,,,,,,,1,,1,,,,1,,,,,,,,,,,,
GR746,Lhaviyani,Kuredu Express,J,40,,,,,,,,,,,,,,,,,,,,,,,,,,,,,,1,,,,,,,,,,,,,,,,,,
GR747,Lhaviyani,Kuredu Caves,J,40,,,,,,,,,,,,,,,,,,,,,,,,,,,,,,1,1,1,1,1,1,1,1,1,1,1,1,1,,1,,1,,1
GR748,Lhaviyani,Kuredu Caves,F,70,,,,,,,,,,,,,,,,,,,,,,,,,,1,,,,1,,,1,1,,,,,1,,,,,1,,,,
GR76,Lhaviyani,Kuredu House Reef,F,85,,,,,,,,,,,,,,,,,,,,,,,,,,,,1,,,,,,,,,,,,,,,,,,,,
GR765,Lhaviyani,Kuredu Express,J,50,,,,,,,,,,,,,,,,,,,,,,,,,,,,,,,1,1,,,,,,1,,,,,,,,,,
GR766,Lhaviyani,Maagiri,J,25,,,,,,,,,,,,,,,,,,,,,,,,,,,,,,,1,,,,,,,,,,,,,,,,,
GR767,Lhaviyani,Kuredu House Reef,F,70,,,,,,,,,,,,,,,,,,,,,,,,,,,,,,,1,1,,1,,,,,,,,,,,,,,
GR768,Lhaviyani,Kuredu Caves,J,55,,,,,,,,,,,,,,,,,,,,,,,,1,,,,,,,1,1,,1,,,,,,,,,,,,,,
GR77,Lhaviyani,Kuredu House Reef,M,100,,,,,,,,,,,,,,1,,,1,,1,1,1,1,1,1,1,1,1,1,1,1,1,1,1,1,1,1,1,1,,,,,,,,,,
GR778,Lhaviyani,Felivaru,F,85,,,,,,,,,,,,,,,,,,,,,,,,,,,,,,,,1,,,,,,,,,,,,,,,,
GR779,Lhaviyani,Kuredu Caves,J,55,,,,,,,,,,,,,,,,,,,,,,,,,,,,,,,,1,1,,,,,,,,,,,,,,,
GR78,Lhaviyani,Kuredu House Reef,J,60,,,,,,,,,,,,,,1,,,,,1,,1,,,,,1,,1,1,1,1,1,1,,,,,,,,,,,,,,,
GR780,Lhaviyani,Kuredu Caves,J,40,,,,,,,,,,,,,,,,,,,,,,,,,,,,,,,,1,,,,,,,,,,,,,,,,
GR792,Lhaviyani,Kuredu House Reef,J,40,,,,,,,,,,,,,,,,,,,,,,,,,,,,,,,,1,1,1,1,1,1,1,1,1,1,1,1,1,1,1,,1
GR793,Lhaviyani,Kuredu Island,F,99,,,,,,,,,,,,,,,,,,,,,,,,,,,,,,,,1,,,,,,,,,,,,,,,,
GR794,Lhaviyani,Kuredu Express,J,55,,,,,,,,,,,,,,,,,,,,,,,,,,,,,,,,1,,,,,,,,,,,,,,,1,
GR864,Lhaviyani,Kuredu Caves,J,55,,,,,,,,,,,,,,,,,,,,,,,,,,,,,,,,,,1,,,,,,1,1,1,1,1,1,1,,1
GR865,Lhaviyani,Kuredu Caves,F,80,,,,,,,,,,,,,,,,,,,,,,,,,,,,,,,,,,1,,,,,,,,,,,,,,
GR866,Lhaviyani,Kuredu Caves,F,70,,,,,,,,,,,,,,,,,,,,,,,,,,,,,,,,,,1,,,,,1,,,1,1,,,1,,1
GR874,Lhaviyani,Kuredu House Reef,J,,,,,,,,,,,,,,,,,,,,,,,,,,,,,,,,,,,1,,,,,,,,,,,,,,
GR877,Lhaviyani,Kuredu Express,J,45,,,,,,,,,,,,,,,,,,,,,,,,,,,,,,,,,,1,,,,1,,,,,,,,1,,1
GR879,Lhaviyani,Felivaru,M,70,,,,,,,,,,,,,,,,,,,,,,,,,,,,,,,,,,1,,,,,,,,,,,,,,
GR880,Lhaviyani,Felivaru,F,75,,,,,,,,,,,,,,,,,,,,,,,,,,,,,,,,,,1,,,,,,,,,,,,,,
GR881,Lhaviyani,Felivaru,J,55,,,,,,,,,,,,,,,,,,,,,,,,,,,,,,,,,,1,,,,,,,,,,,,1,,
GR882,Lhaviyani,Felivaru,F,80,,,,,,,,,,,,,,,,,,,,,,,,,,,,,,,,,,1,,,,,,,,,,,,,,
GR927,Lhaviyani,Kuredu Express,J,40,,,,,,,,,,,,,,,,,,,,,,,,,,,,,,,,,,,1,,,,,1,,,,,,,,
GR928,Lhaviyani,Kuredu Express,J,40,,,,,,,,,,,,,,,,,,,,,,,,,,,,,,,,,,,1,,,,,1,,,,,,,,
GR929,Lhaviyani,Kuredu House Reef,J,45,,,,,,,,,,,,,,,,,,,,,,,,,,,,,,,,,,,,1,1,1,1,1,1,1,1,1,1,,,
GR930,Lhaviyani,Kuredu House Reef,J,35,,,,,,,,,,,,,,,,,,,,,,,,,,,,,,,,,,,,1,1,1,1,1,1,1,1,1,1,1,,1
GR931,Lhaviyani,Kuredu Express,J,65,,,,,,,,,,,,,,,,,,,,,,,,,,,,,,,,,,,,1,,,,,,,,,,,,
GR952,Lhaviyani,Kuredu Caves,F,85,,,,,,,,,,,,,,,,,,,,,,,,1,,,1,1,,,,,,,,,1,,,1,1,1,,1,1,,,
GR953,Lhaviyani,Kuredu House Reef,J,30,,,,,,,,,,,,,,,,,,,,,,,,,,,,,,,,,,,,,1,1,1,,1,1,1,1,1,1,,1
GR955,Lhaviyani,Kuredu Outreef,J,45,,,,,,,,,,,,,,,,,,,,,,,,,,,,,,,,,,,,,1,,,1,1,1,1,1,1,1,,1
GR956,Lhaviyani,Kuredu House Reef,J,30,,,,,,,,,,,,,,,,,,,,,,,,,,,,,,,,,,,,,1,1,1,1,1,1,1,1,1,1,,
GR960,Lhaviyani,Kuredu Caves,J,40,,,,,,,,,,,,,,,,,,,,,,,,,,,,,,,,,,,,,1,,,,,,,,1,1,,
GR974,Lhaviyani,Kuredu House Reef,J,35,,,,,,,,,,,,,,,,,,,,,,,,,,,,,,,,,,,,,,,1,1,1,1,1,1,1,1,,1
GR981,Lhaviyani,Kuredu Caves,J,30,,,,,,,,,,,,,,,,,,,,,,,,,,,,,,,,,,,,,,,1,1,1,1,1,1,1,1,,
GR983,Lhaviyani,Mashura Outreef,J,35,,,,,,,,,,,,,,,,,,,,,,,,,,,,,,,,,,,,,,,,1,,,,,,,,
GR991,Lhaviyani,Kuredu Caves,J,40,,,,,,,,,,,,,,,,,,,,,,,,,,,,,,,,,,,,1,,,,1,1,1,,,,,,
GR992,Lhaviyani,Kuredu Caves,J,35,,,,,,,,,,,,,,,,,,,,,,,,,,,,,,,,,,,,,,,,,1,1,1,,1,,,
GR993,Lhaviyani,Kuredu Caves,J,35,,,,,,,,,,,,,,,,,,,,,,,,,,,,,,,,,,,,,,,,,1,1,1,1,,,,1
GR994,Lhaviyani,Kuredu Caves,F,75,,,,,,,,,,,,,,,,,,,,,,,,,,,,,,,,,,,,,,,,,1,,,,,,,
GR995,Lhaviyani,Tinga Giri,F,70,,,,,,,,,,,,,,,,,,,,,,,,,,,,,,,,,,,,,,,,,1,,,,,,,
GR996,Lhaviyani,Hasan Giri,,,,,,,,,,,,,,,,,,,,,,,,,,,,,,,,,,,,,,,,,,,1,,,,,,,
GR997,Lhaviyani,Fehigili,,,,,,,,,,,,,,,,,,,,,,,,,,,,,,,,,,,,,,,,,,,1,,,,,,,1
GR998,Lhaviyani,Kuredu Caves,,,,,,,,,,,,,,,,,,,,,,,,,,,,,,,,,,,,,,,,,1,,1,,,,,1,,1
GR999,Lhaviyani,Palm Beach Outreef,,,,,,,,,,,,,,,,,,,,,,,,,,,,,,,,,,,,,,,,,,,1,,,,,,,